-0.64,7.42,-5.92
-0.47,7.73,-5.88
-0.28,7.94,-6.1
-0.49,8.14,-6.26
-0.45,8.04,-6.16
-0.42,7.64,-5.96
-0.52,7.74,-5.94
-0.5,7.84,-6.14
-0.57,7.99,-6.18
-0.55,8,-6.16
-0.5,7.72,-5.89
-0.43,7.93,-6
-0.56,7.86,-6.02
-0.65,8.01,-6.14
-0.35,7.92,-6.14
-0.82,7.88,-6.12
-0.85,8.13,-6.36
-0.49,8.28,-6.43
-0.55,8.14,-6.34
-0.37,8.22,-6.21
-0.45,8.19,-6.29
-0.31,8.06,-5.92
-0.33,7.79,-6.12
-0.24,7.55,-5.55
-0.5,7.63,-5.58
-0.15,8.14,-6.02
-0.38,8.16,-6.03
-0.31,8.11,-5.82
-0.41,7.87,-5.92
-0.61,8.03,-6.08
-0.79,7.97,-6.32
-0.34,7.84,-6.39
-0.35,7.75,-6.06
-0.19,8.17,-6.17
-0.6,8.37,-6.3
-0.44,8.22,-6.25
-0.32,7.74,-5.62
-0.21,7.43,-5.66
-0.02,7.95,-5.86
-0.09,8.23,-5.77
-0.3,8.27,-6.02
-0.71,8.02,-5.89
-0.59,8.1,-6.35
-0.5,8.01,-6.18
-0.33,7.83,-6.07
-0.38,7.94,-5.95
-0.45,7.9,-5.6
-0.25,8.13,-5.86
-0.12,7.94,-5.8
-0.62,7.83,-5.92
-0.43,8.19,-6.02
-0.46,7.79,-5.94
-0.25,7.82,-6
-0.11,8.12,-5.82
-0.27,8.09,-5.76
-0.41,7.85,-6.04
-0.5,7.59,-6.07
-0.38,7.85,-5.73
-0.29,8.46,-6.11
-0.3,7.95,-5.99
-0.42,7.64,-5.99
-0.2,7.87,-5.77
-0.36,7.97,-5.78
-0.23,8.38,-6.03
-0.56,7.99,-5.93
-0.24,8.12,-5.94
-0.47,7.69,-5.65
-0.1,8.23,-5.89
-0.51,8.23,-6.06
-0.28,8.04,-6.09
-0.55,7.93,-6.02
-0.19,7.89,-6.05
-0.25,7.71,-5.87
-0.44,7.7,-5.84
-0.42,8.06,-5.85
-0.39,7.85,-5.99
-0.37,7.92,-6.17
-0.17,8.2,-5.94
-0.44,7.99,-5.91
-0.35,7.98,-6.23
-0.46,7.57,-6.02
-0.28,7.7,-5.7
-0.34,8.47,-6.12
-0.57,7.81,-5.99
-0.31,8.15,-6.33
-0.39,7.59,-6.01
-0.25,7.59,-5.58
-0.17,8.27,-6.06
-0.44,7.98,-6.05
-0.42,7.81,-6.18
-0.14,7.88,-5.96
-0.5,8.01,-5.61
-0.24,8.04,-6.39
-0.05,8.04,-5.81
-0.38,8.07,-6.2
-0.29,7.9,-5.96
-0.11,7.94,-5.98
-0.12,7.71,-6.03
-0.37,7.84,-5.87
-0.46,7.66,-5.96
0.04,7.82,-6.04
-0.24,7.84,-5.89
-0.68,7.91,-5.89
-0.19,7.7,-5.83
0.18,7.97,-6.54
-0.34,7.67,-5.81
-0.44,7.92,-6.48
-0.73,7.57,-6.44
-0.98,7.74,-6.59
-0.2,7.38,-6.4
-0.15,7.51,-6.01
-0.12,7.7,-6.5
-0.5,7.71,-6.21
-0.67,7.46,-6.47
-0.69,7.8,-6.47
-0.38,7.84,-6.59
-0.22,7.84,-6.72
0.09,7.82,-6.9
-0.38,7.93,-6.33
-0.31,7.41,-6.45
-0.26,8.11,-6.8
0.01,7.54,-5.94
0.02,7.19,-6.22
-0.18,7.86,-6
0.34,7.62,-6.64
-0.2,7.22,-6.77
0.24,7.41,-6.48
0.5,6.86,-6.72
1.08,6.92,-6.35
0.56,7.31,-6.72
0.68,7.67,-7.02
0.48,7.53,-6.22
0.88,7.53,-6.6
0.25,7.42,-7.09
0.64,7.12,-6.31
0.67,7.02,-6.07
0.66,7.53,-6.93
0.3,7.04,-6.61
0.16,7.39,-6.28
0.06,7.49,-6.78
0.39,6.18,-6.35
-0.01,7.17,-6.49
-0.81,7.04,-6.37
-0.22,6.95,-6.16
-0.28,7.27,-6.28
1.11,6.78,-6.97
0.13,6.81,-7.24
-0.63,7.22,-7.77
-0.54,6.28,-8.49
0.17,7.36,-8.06
-0.03,6.71,-7.28
1.13,7.91,-6.24
-0.8,7.09,-6.73
-0.19,7.03,-7.31
1.76,7.24,-7.21
1.15,6.77,-7.61
0.11,6.62,-6.65
0.54,6.46,-6.69
0.12,6.25,-6.79
0.45,6.64,-6.54
0.68,7.39,-8.03
0.34,5.94,-6.55
-1.8,6.6,-7.4
0.09,5.26,-2.63
0.87,4.01,-7.99
-1.07,6.51,-9.03
1.42,4.79,-5.93
-0.16,4.58,-7.88
-0.77,5.91,-7.69
-1.63,6.12,-7.43
-0.18,5.43,-7.05
-1.27,7.12,-7.81
-1.44,6.02,-6.67
-1.79,6.41,-8.19
-2.98,4.68,-10.42
-0.39,5.68,-6.27
2.86,11.09,-11.95
-2.52,6.06,-9.24
-2.36,6.75,-10.76
-2.03,5.49,-7.25
-2.5,5.37,-8.18
-2.8,4.89,-7.89
-3.27,5.24,-8.27
-3.23,5.68,-8.55
-3.29,5.95,-8.7
-4.17,5.82,-8.72
-3.41,6.3,-8.08
-3.31,5.41,-7.53
-3.34,5.48,-7.03
-3.58,3.62,-7.88
-3.34,5.37,-8.53
-3.37,5.83,-7.42
-3.14,5.45,-8.06
-2.89,5.53,-7.86
-3.4,5.32,-7.78
-3.46,6,-7.94
-3.57,5.72,-7.87
-3.47,5.76,-7.8
-3.66,5.36,-7.6
-3.6,4.92,-7.64
-1.98,6.69,-8.03
-2.23,4.66,-8.18
-1.93,5.57,-8.22
-1.97,5.42,-7.98
-1.91,5.49,-8.08
-2.12,5.35,-8.3
-2.47,5.6,-8.42
-3.16,5.11,-8.84
-2.02,5.45,-7.85
-1.91,4.77,-8.89
-1.71,5.06,-8.25
-1.64,5.86,-8.72
-1.29,4.97,-8.15
-1.25,5.33,-7.63
-1.44,5.62,-8.35
-1.24,5.2,-8.89
-0.5,4.33,-8.92
-1.79,8.14,-8.85
0.62,4.06,-9.2
1.09,4.87,-8.36
0.35,5.26,-8.31
0.37,5.49,-7.45
0.3,6.75,-8.59
0.61,5.61,-8.21
0,6.01,-8.51
0.55,6.71,-6.63
0.9,5.15,-6.46
1.3,8.52,-9.72
-0.47,6.14,-7.46
-0.61,7.07,-7.76
0.92,5.76,-8.23
-0.31,5.87,-8.51
-0.35,5.94,-8.12
0.48,6.25,-6.52
-1.3,5.75,-9.12
-0.82,5.7,-6.4
-0.32,5.05,-8.2
-1.1,2.87,-10.52
-1.47,-1.09,-9.74
-0.34,1.72,-9.28
-1.4,0.4,-10.62
-2.74,0.5,-10.51
-1.43,1.05,-9.77
-1.52,0.1,-7.87
-2.84,0.78,-12.28
-1.44,0.69,-11.07
-2.67,-1.66,-10.19
-2.75,0.34,-10.69
-2.06,0.24,-10.41
-2.18,-0.39,-9.64
-2.14,-0.17,-11.17
-2.2,0.08,-9.4
-2.49,-0.46,-9.56
-2.7,-0.88,-9.35
-3.08,0.26,-11.61
-2.61,0.48,-9.98
-2.76,0.77,-9.42
-3.19,0.38,-10.32
-2.86,0.33,-11.42
-3.08,-0.06,-9.67
-2.15,-0.2,-8.43
-2.98,2.59,-9.1
-3.22,0.54,-10.01
-2.69,0.74,-10.14
-3.6,0.06,-10.78
-3.19,0.57,-9.61
-2.91,0.74,-10.22
-3.96,0.94,-10.13
-4.03,0.27,-9.22
-3.94,0.25,-9.2
-3.51,0.03,-9.25
-4.36,0.28,-9.9
-4.04,0.08,-9.51
-2.94,0.48,-9.44
-2.02,0.23,-9.85
-1.77,0.61,-10.16
-2.03,0.5,-10.03
-1.62,0.38,-9.96
-1.77,0.56,-10.09
-1.01,0.82,-10.03
-0.92,0.62,-10.24
-0.37,0.5,-10.24
-0.94,0.75,-10.5
-0.25,0.73,-9.79
-0.91,1.47,-10.2
-0.92,1.31,-9.04
-1.59,1.35,-10.13
-1.4,0.89,-10.53
-1.28,1.73,-10.18
-1.26,1.53,-10.38
-1.39,1.84,-10.94
-1.19,2.26,-10.05
-0.34,1.34,-10.52
-2.68,2.08,-10.23
-2.32,1.11,-9.18
-0.46,1.77,-10.79
-1.09,1.22,-9.67
-1.19,1.46,-10.61
-0.86,0.96,-9.38
0.11,0.74,-10.03
-1.64,0.61,-10.35
-1.06,0.48,-9.13
-1.47,0.6,-11.05
-0.89,0.29,-10.69
-1.65,-0.09,-9.74
-1.17,0.06,-9.15
-1.79,-0.15,-9.95
-1.27,0.55,-9.47
-2.51,0.32,-11.13
-1.01,-0.3,-9.04
-1.73,0.05,-9.8
-1.11,-0.12,-10.74
-1.08,0.01,-9.19
-1.38,-0.6,-9.82
-0.98,0.08,-10.05
-1.61,0.17,-10.22
-1.53,-0.14,-9.38
-2.42,0.65,-10.53
-1.59,0.53,-10.43
-2.4,0.02,-11.17
-1.02,0.06,-9.7
-1.51,0.3,-10.96
-1.31,-0.23,-11.3
-1.31,0.51,-9.27
-1.62,0.08,-9.96
-2.7,0.27,-9.9
-1.55,0.12,-10.44
-2.66,0.73,-10.28
-1.43,-0.21,-9.1
-1.94,-0.71,-8.8
-1.19,0.46,-9.1
-1.4,0.02,-10.63
-2.01,-0.46,-10.47
-2.5,0.86,-9.64
-2.92,0.39,-10.99
-1.93,0.75,-9.96
-2.02,-0.2,-9.7
-2.14,0.22,-10.05
-3.07,-1.49,-11.56
-2.62,-0.78,-8.09
-2.75,0.21,-10.87
-3.22,0.42,-10.31
-2.97,0.34,-9.93
-2.43,0.58,-9.48
-2.81,-0.33,-10.27
-1.84,0.89,-9.1
-3.01,-0.42,-9.52
-2.83,-0.13,-8.75
-2.73,1.09,-10.21
-2.67,-0.56,-9.49
-3.93,-0.14,-9.59
-3.68,-0.18,-10.34
-3.67,-0.2,-9.27
-4.28,-0.53,-9.76
-4.02,0.39,-9.92
-4.12,0.02,-10.17
-3.5,-0.24,-9.63
-3.73,0.22,-8.93
-4.28,0.17,-10.48
-4.29,0.04,-9.16
-4.46,-0.49,-8.87
-3.83,0.15,-9.49
-4.61,0.13,-9.85
-4.32,-0.33,-9.42
-4.29,-0.01,-9.69
-4.2,-0.02,-9.38
-4.54,-0.02,-9.88
-3.75,0.01,-9.68
-3.5,-0.19,-9.95
-2.3,0.07,-9.8
-2.04,0.09,-10.06
-2.21,0.05,-10.16
-1.74,0.05,-9.85
-1.35,0.06,-10.2
-0.92,-0.02,-10.38
0.13,0.14,-10.38
0.29,0.05,-10.53
-0.05,-0.03,-10.37
-0.45,-0.07,-10.04
-0.72,0.12,-10.74
-0.39,0.1,-10.34
-0.52,0.44,-10.5
-0.58,-0.04,-9.95
-0.06,0.63,-8.85
-1.62,-0.06,-9.84
-0.74,-0.01,-9.75
0,0.01,-10.72
-0.21,-0.24,-10.52
-0.48,-0.81,-9.78
-0.15,0.78,-10.1
0.11,0.48,-10.31
-0.36,-0.55,-10.65
-0.49,-0.36,-9.76
0.02,0.29,-10.71
-0.77,-0.48,-10.24
-0.85,-0.49,-9.97
-1.86,0.68,-10.29
-0.9,0.51,-9.77
-1.43,0.56,-9.72
-1.5,0.4,-9.42
-1.76,0.46,-10.13
-1.59,0.07,-10.02
-1.32,-1.19,-9.36
-2.25,0.2,-10.83
-1.66,0.36,-10.81
-1.45,0.22,-10.56
-1.15,0.36,-10.26
-1.86,0.98,-11.19
-1.67,0.53,-9.11
-1.89,-0.19,-9.18
-1.54,0.1,-8.81
-1.91,0.8,-9.43
-1.42,0.76,-10.27
-2.64,-0.86,-9.62
-2.59,-0.3,-10.35
-1.94,0.04,-9.15
-2.47,-0.47,-10.51
-2.94,-0.35,-10.7
-2.25,-0.3,-9.61
-2.58,-0.72,-10.94
-1.96,0.53,-9.66
-2.5,0.02,-10.46
-2.95,0.59,-11.42
-2.48,-0.03,-9.06
-1.68,-0.17,-9.02
-2.86,0.63,-11.24
-2.33,0.2,-10.52
-2.84,0.23,-10.51
-2.06,-0.74,-9.5
-2.08,0.11,-10.05
-2.07,0.02,-9.36
-3.69,-0.13,-10.12
-2.65,-0.49,-10.17
-2.8,0.2,-9.28
-2.86,-0.11,-9.84
-3.03,0.42,-10.03
-2.64,0.2,-9.15
-2.12,0.47,-9.17
-2.75,0.12,-9.8
-2.25,-0.71,-9.8
-2.69,-0.48,-9.47
-2.84,0.29,-9.96
-3.17,-0.15,-11.1
-2.62,0.34,-10.38
-2.41,0.27,-10.48
-3.22,0.02,-10.12
-3.14,0.14,-10.05
-3.94,0.23,-9.05
-3.7,0.42,-10.08
-4.41,-0.19,-9.09
-3.17,0.28,-9.21
-4.34,-0.1,-9.56
-3.54,-0.31,-9.24
-4.08,0.08,-9.72
-3.74,0.15,-9.75
-4.01,0.29,-9.08
-3.68,0.33,-9.38
-3.63,-0.07,-9.27
-3.45,0.27,-9.42
-3.46,-0.28,-9.77
-3.7,0.38,-9.65
-3.32,-0.52,-9.13
-2.1,0.55,-10.05
-2.21,-0.34,-9.95
-2.42,0.44,-10.31
-2.54,0.05,-10.26
-1.97,0.16,-9.71
-1.24,-0.13,-10.21
-1.43,0.14,-10.37
-1.1,0.1,-10.68
-1.07,-0.32,-9.84
-1.06,0.23,-9.59
-1.28,0.04,-10.49
-1.03,0.05,-9.84
-0.31,0.11,-10.06
-0.81,-0.19,-9.57
-1.15,0.25,-10.58
-0.53,0.25,-9.7
-1.24,0.41,-10
-1.09,0.05,-10.15
-2.25,0.02,-9.75
-1.13,0.39,-10.58
-0.82,0.83,-10.45
-1.32,0.15,-9.85
-1.27,0.15,-9.69
-0.86,-0.04,-9.62
-0.86,0.29,-9.81
-0.7,0.16,-9.65
-0.92,-0.53,-9.58
-0.66,0.09,-9.93
-1.73,-0.25,-10.8
-1.32,-0.02,-9.75
-1.61,0.77,-9.91
-1.16,-0.1,-9.69
-1.69,-0.04,-9.41
-1.72,-0.16,-9.98
-2.21,0.58,-10.29
-1.64,0.04,-10.18
-1.38,-0.73,-9.01
-1.63,0.32,-12.39
-1.98,0.44,-9.37
-2.23,-0.36,-9.63
-1.99,0.43,-9.32
-2.2,0.28,-10.57
-2.37,0.01,-10.11
-1.83,-0.02,-8.8
-1.59,-0.3,-8.99
-3.01,0.29,-9.4
-2.65,0.45,-10.35
-1.48,-0.21,-9.26
-3.04,-0.32,-10.34
-2.23,0.25,-9.6
-2.32,-0.28,-10.11
-1.96,0.21,-9.49
-2.69,-0.35,-9.68
-2.74,-0.35,-10.05
-3.44,-0.24,-11.01
-2.49,-0.25,-9.53
-3.32,-0.29,-9.89
-3.1,0.13,-9.49
-2.91,0.2,-9.86
-2.9,0.32,-9.74
-3.04,0.34,-9.41
-3.02,0.03,-8.92
-3.49,0.21,-9.84
-3.4,0.34,-9.19
-3.18,-0.35,-9.83
-3.54,0.26,-10.21
-4.06,0.19,-9.47
-4.22,0.11,-9.58
-4.2,-0.12,-9.34
-4.6,-0.17,-9.79
-3.97,-0.36,-9.81
-4.23,-0.12,-9.43
-4.74,-0.06,-9.97
-3.41,-0.16,-9.24
-3.24,0.05,-10
-1.92,-0.09,-9.65
-2.39,0.21,-10.17
-1.97,0.03,-10.09
-1.59,0.22,-9.69
-1.72,0.29,-9.76
-1.4,-0.11,-10.09
-0.85,0.11,-10.32
-0.75,0.18,-10.24
-1.15,0.37,-10.59
-0.55,0.36,-10.14
-0.4,0.22,-10.02
-0.45,0.1,-10.01
-0.89,0.16,-10.08
-0.54,0.38,-9.95
-1.21,-0.11,-10.19
-0.94,-0.09,-10.1
-1.2,0.1,-10.42
-0.51,0.17,-9.93
-1.22,0.17,-10.66
-1.25,1.1,-11.05
-2.14,-0.02,-10.04
-0.48,-0.04,-9.7
-1.36,0.28,-9.86
-1.36,0.36,-9.6
-1.55,0.03,-9.7
-0.96,0.98,-11.08
-0.8,0.12,-9.54
-0.99,0.39,-10.35
-1.84,0.41,-10.86
-0.86,-0.23,-10.74
-2.19,-0.58,-9.92
-1.37,-0.24,-9.18
-1.43,0.39,-10.48
-0.69,0.72,-8.61
-2.77,0.66,-10.55
-1.31,-0.12,-9.92
-2.63,-0.25,-9.97
-2.28,1.25,-10.9
-2.57,0.21,-11.75
-1.86,1.02,-10.98
-1.28,0.74,-12.63
-1.74,0.23,-8.11
-1.54,0.74,-10.11
-2.29,0.72,-11.24
-1.36,0.18,-9.43
-1.99,0.14,-9.43
-1.18,0.43,-10.33
-1.61,1.09,-10.24
-0.95,-0.26,-8.97
-1.9,-0.18,-10.22
-0.91,-0.07,-10.48
0.21,0.87,-9.29
-1.42,0.14,-11.32
-1.81,0.4,-10.69
-0.85,0.04,-9.32
-0.85,0.02,-11.27
-1.77,0.78,-10.96
-0.08,0.73,-9.2
-0.96,-1,-9.31
-1.17,0.03,-9.69
-1.31,-1.75,-9.8
-1.72,0.69,-10.47
-0.59,-0.23,-8.74
-0.65,-0.89,-10.02
-0.58,0.72,-9.49
-0.81,0.1,-10.01
-1.14,0.16,-9.55
-1.97,-2.03,-10.26
-2.34,0.61,-10.62
-2.28,1.23,-10.73
-1.84,0.06,-9.77
-3.65,0.61,-12.84
-1.44,2.22,-10.03
-2.03,0.02,-9.54
-2.52,0.54,-9.5
-1.74,-0.31,-9.42
-3.93,-0.63,-9.16
-1.98,-0.22,-11.49
-2.4,2.21,-12.48
-2.11,0.77,-9.74
-1,0.49,-7.72
-2.84,1.21,-10.54
-0.83,0.32,-9.5
-2.12,-0.46,-9.6
-1.35,-0.76,-8.87
-1.96,1.19,-11.1
-2.42,0.68,-10.9
-2.22,1.75,-11.3
-3.03,1.13,-10.75
-2.45,0.56,-8.73
-1.48,0.7,-9.7
-2.88,-0.12,-8.98
-3.75,-0.4,-11.47
-1.53,1.72,-10.32
-2.97,0.27,-9.34
-4.05,0.66,-10.74
-3.05,-0.63,-9.41
-4.04,0.82,-10.23
-3,0.48,-9.13
-3.91,0.07,-9.97
-3.72,-0.14,-8.66
-4.18,0.01,-9.52
-4.13,-1.06,-7.7
-2.25,1.57,-10.53
-4.31,-0.4,-10.27
-3.2,0.48,-9.85
-2.59,0.02,-9.19
-3.32,-0.17,-10.33
-3.09,-0.01,-9.1
-3.68,-0.26,-8.95
-3.86,-0.32,-9.24
-3.66,-1.26,-9.58
-3.34,-1.79,-8.88
-4.51,1.26,-11.66
-4.15,-0.88,-9.72
-3.89,-0.18,-10
-3.61,-0.51,-9.46
-2.84,-0.82,-10.61
-2.96,-0.51,-9.36
-3.8,-0.5,-9.8
-4.08,-0.75,-9.47
-4.46,-0.25,-9.95
-4.13,0.14,-9.6
-4.24,0.28,-9.31
-4,0.44,-9.91
-3.73,0.72,-9.03
-4.16,0.32,-9.48
-3.76,0.9,-9.35
-2.99,0.52,-9.71
-3.14,0.69,-10.08
-3.09,0.62,-9.52
-2.65,0.47,-9.45
-2.22,0.94,-10.1
-2.34,0.54,-9.82
-2.36,0.88,-9.81
-2.52,0.52,-9.71
-2.42,0.52,-9.82
-2.45,1.2,-9.94
-2.37,0.42,-10.11
-2.66,0.63,-10.06
-2.24,0.72,-9.77
-2.49,0.4,-9.83
-2.26,1.19,-9.94
-2.45,0.41,-9.98
-2.59,0.58,-10.02
-2.41,0.99,-9.68
-2.39,0.7,-9.94
-2.33,0.41,-9.78
-2.4,0.52,-10.04
-2.27,1.07,-9.92
-2.44,0.17,-9.83
-2.42,0.25,-9.61
-2.34,0.75,-9.8
-2.11,1.12,-9.76
-2.49,0.63,-9.85
-2.34,0.32,-9.71
-2.49,0.26,-9.91
-2.1,1.24,-9.68
-2.35,0.82,-9.81
-2.33,0.35,-9.81
-2.59,0.1,-10.08
-2.44,1.07,-10.29
-2.19,1.07,-9.43
-2.21,1.05,-9.8
-2.22,0.34,-9.45
-2.56,0.44,-9.47
-2.36,0.31,-9.51
-2.54,0.18,-9.71
-2.58,-0.1,-10.32
-2.61,0.59,-10
-2.26,1.2,-9.71
-2.31,0.8,-9.93
-2.61,0.19,-10.03
-2.41,0.75,-10.22
-2.17,1.25,-10.04
-2.39,0.33,-9.92
-2.46,0.91,-10.2
-2.22,0.98,-9.98
-2.38,0.46,-9.83
-2.31,1.07,-10.18
-2.13,1.17,-9.91
-2.38,0.52,-9.67
-2.33,0.13,-9.74
-2.28,1.08,-9.89
-2.24,0.64,-10.07
-2.34,0.3,-10.08
-2.52,0.46,-9.96
-2.16,1.14,-9.75
-2.52,0.24,-9.78
-2.57,0.22,-9.87
-2.36,0.98,-9.89
-2.29,0.64,-9.95
-2.28,1.04,-9.75
-2.42,0.85,-9.81
-2.34,0.58,-9.96
-2.22,0.65,-9.87
-2.46,0.74,-9.77
-2.38,0.26,-10.08
-2.55,0.87,-9.86
-2.18,1.14,-9.72
-2.29,0.8,-9.75
-3.05,0.15,-9.25
-2.46,0.98,-9.92
-2.22,0.35,-9.76
-2.42,0.98,-10.03
-2.26,0.44,-9.75
-2.62,0.68,-9.99
-2.54,0.81,-9.95
-2.45,0.36,-9.84
-2.5,0.48,-10.04
-2.21,1,-9.76
-2.36,0.36,-9.45
-2.35,0.09,-9.84
-2.35,1.22,-9.9
-2.24,0.34,-9.81
-2.62,0.02,-9.8
-2.19,1.02,-9.78
-2.25,0.66,-9.94
-2.19,0.38,-9.99
-2.44,0.98,-10.22
-2.54,0.98,-9.92
-2.01,0.49,-9.83
-2.71,0.13,-9.82
-2.16,0.89,-9.77
-2.21,0.92,-9.87
-2.37,0.58,-9.89
-2.04,0.42,-9.82
-1.99,0.74,-9.81
-2.24,0.87,-10.01
-1.86,0.43,-9.82
-2.34,0.88,-10.04
-2.42,0.73,-10.15
-2.7,0.47,-9.77
-2.7,0.5,-9.77
-2.55,0.45,-9.8
-2.59,0.63,-9.72
-2.14,0.68,-9.99
-1.64,0.7,-9.94
-1.64,0.59,-10.2
-1.65,0.74,-10.03
-1.66,0.64,-10.02
-1.7,0.51,-10.04
-1.95,0.49,-9.72
-2.59,0.59,-10.14
-2.65,0.51,-9.97
-2.87,0.67,-9.91
-3.27,0.72,-9.96
-3.06,0.81,-9.75
-2.89,0.88,-9.94
-2.88,0.61,-9.88
-2.65,0.62,-9.89
-2.15,0.42,-9.7
-2.3,0.61,-9.96
-2.44,1,-10
-2.26,1.11,-9.71
-2.49,0.76,-9.83
-2.1,0.42,-9.7
-2.43,0.41,-9.69
-2.62,-0.02,-9.98
-2.36,0.47,-9.88
-2.17,1.06,-9.78
-2.28,1.23,-9.97
-2.52,0.66,-9.63
-2.35,0.21,-9.7
-2.58,0.46,-9.88
-2.3,-0.14,-9.84
-2.55,0.38,-9.94
-2.32,0.76,-9.97
-2.35,1.1,-9.93
-2.06,1.12,-9.75
-2.47,0.74,-9.97
-2.29,0.5,-9.93
-2.62,0.45,-10.1
-2.53,-0.05,-10.09
-2.7,0.46,-9.99
-2.3,0.99,-10.05
-2.28,1.13,-9.87
-2.21,1.17,-9.84
-2.43,0.38,-9.71
-2.32,0.27,-9.48
-2.4,0.18,-9.86
-2.37,-0.04,-9.5
-2.38,0.58,-9.98
-2.11,1.05,-10.05
-2.02,1.26,-9.68
-2.4,0.9,-9.86
-2.45,0.62,-9.95
-2.25,0.32,-9.69
-2.48,0.16,-10.15
-2.12,0.01,-9.74
-1.63,0.65,-10.09
-1.52,0.54,-9.76
-1.8,0.68,-9.97
-1.89,0.68,-9.81
-2.5,0.59,-9.83
-2.69,0.82,-9.73
-2.7,0.94,-9.9
-2.68,0.68,-9.96
-2.7,0.68,-9.85
-2.6,0.56,-9.77
-2.44,0.43,-9.86
-2.66,0.55,-9.65
-2.65,0.55,-10.03
-2.53,0.77,-9.73
-2.56,0.71,-9.96
-2.21,0.48,-10
-1.73,0.36,-10.14
-1.51,0.54,-10.17
-1.62,0.48,-10.18
-1.88,0.47,-10.13
-1.34,0.59,-9.77
-1.65,0.41,-9.86
-1.51,0.63,-9.71
-1.46,0.66,-9.93
-1.73,0.63,-10.25
-1.63,0.59,-10.27
-1.6,0.96,-10.27
-1.28,0.67,-10.14
-0.66,0.56,-9.52
-0.89,0.59,-9.97
-1.06,0.53,-10.34
-0.9,1.35,-10.05
-1.18,0.53,-9.77
-1.23,0.83,-10.96
-1.55,0.73,-10.29
-1.18,-0.06,-9.54
-1.51,0.87,-10.59
-1.3,0.43,-10.11
-1.6,0.38,-10.67
-1.45,0.51,-9.27
-2.52,0.46,-9.78
-2.85,0.48,-9.58
-2.38,0.52,-10.6
-2.32,0.82,-8.67
-1.66,0.22,-9.22
-1.45,0.46,-9.22
-2.57,0.41,-9.65
-1.94,0.62,-9.72
-1.34,0.57,-9.86
-1.65,0.19,-9.04
-1.38,0.21,-8.46
-2.63,0.15,-10
-1.84,0.44,-10.31
-1.53,0.01,-10.22
-1.03,0.19,-10.07
-1.29,0.29,-10.54
-0.86,0.86,-10
-2.11,0.08,-10.04
-0.89,0.33,-9.55
-1.23,0.25,-9.78
-1.79,-0.18,-10.14
-0.78,-0.36,-8.9
-0.66,0.27,-9.93
-1.67,-0.31,-11.31
-3.07,-0.41,-11.66
-2.2,-1.53,-9.25
-2.31,-0.43,-10.23
-1.68,-1.19,-9.52
-1.36,-0.7,-9.6
-1.72,-0.65,-9.85
-1.89,-0.47,-10.46
-1.26,-0.34,-9.3
-1.3,-0.54,-8.77
-2.92,-0.61,-10.72
-1.35,0.13,-9.8
-1.34,0.41,-10.01
-1.52,0.86,-10.19
-1.55,0.01,-10.01
-2.09,1.43,-10.57
-1.57,0.27,-9.86
-2.18,0.73,-10.09
-1.93,-0.26,-9.9
-2.18,0.57,-9.76
-2.17,0.18,-10.09
-2.02,1.14,-10.87
-2.6,-0.31,-10.42
-1.13,0.84,-10.45
-2.44,0.75,-9.36
-2.02,0.18,-9.61
-1.5,0.81,-11.03
-1.8,0.7,-9.77
-1.21,0.25,-10.15
-0.94,0.33,-7.72
-1.58,0.31,-9.82
-1.01,-0.09,-8.06
-1.46,0.46,-9.95
-1.45,0.59,-10.6
-2.63,0.45,-10.45
-1.9,-0.01,-9.51
-1.38,1.02,-11.1
-1.43,0.07,-8.96
-3.15,1.25,-11.1
-1.86,0.76,-9.61
-2.09,0.39,-9.73
-1.76,1.53,-10.72
-2.43,0.71,-9.25
-2.72,1,-10.63
-1.18,0.67,-10.07
-3.18,0.36,-10.14
-1.82,0.29,-8.48
-3.09,0.9,-11.01
-4.36,-1.15,-8.51
-2.89,0.01,-10.26
-3.06,-0.2,-9.51
-2.77,0.08,-9.33
-4.54,-0.21,-9.39
-4.49,0.13,-9.27
-4.2,0.02,-8.57
-3.91,-0.6,-8.74
-4.85,0.39,-9.77
-4.3,-0.24,-8.8
-4.63,-0.17,-9.47
-4.47,-0.12,-9.66
-4.05,0.03,-9.34
-4.45,-0.4,-9.16
-5.15,-0.21,-9.8
-4.82,-0.34,-9.41
-4.75,-0.29,-8.97
-4.7,-0.09,-9.27
-4.23,-0.13,-9.31
-3.91,0.03,-9.45
-3.35,-0.08,-9.82
-1.96,0.11,-10.14
-2.42,-0.03,-9.98
-2.67,0.21,-10.04
-2.05,-0.16,-9.5
-2.32,0.03,-9.86
-2.2,0.19,-9.79
-2.32,-0.05,-9.87
-2.22,-0.15,-9.81
-2.3,0.4,-9.89
-2.67,-0.39,-9.93
-2.61,0.21,-9.97
-1.93,0.31,-9.74
-2.32,-0.08,-10.19
-2.39,0.22,-9.83
-2.35,1.05,-10.21
-2.72,-0.65,-8.95
-2.27,-0.27,-10.5
-2.65,0.23,-9.98
-2.18,1.01,-10.22
-2.34,-0.23,-10.5
-2.26,-0.05,-9.79
-2.4,0.02,-9.76
-2.08,0.74,-10.02
-2.43,-0.02,-10.41
-2.39,-0.4,-9.8
-2.32,0.19,-9.68
-1.89,0.53,-9.82
-2.41,-0.09,-10.48
-2.54,-0.29,-9.43
-2.15,0.2,-9.83
-2.78,-0.48,-8.75
-2.32,-0.08,-10.28
-2.37,-0.43,-10.25
-2.45,0.13,-9.85
-2.32,0.31,-9.78
-1.92,1.12,-10.09
-1.83,-0.02,-9.04
-2.42,-0.05,-10.62
-2.3,-0.53,-9.75
-2.41,0.09,-9.98
-2.19,0.93,-10.27
-2.23,0.73,-10.01
-2.03,-0.09,-10.14
-2.4,-0.01,-10.51
-2.88,-0.3,-9.66
-2.3,0.23,-9.58
-2.34,0.71,-10.01
-2.3,-0.38,-8.96
-2.3,-0.16,-10.11
-2.43,-0.35,-10.14
-2.62,-0.22,-9.54
-2.09,0.11,-9.7
-2.08,0.99,-10.07
-2.18,-0.44,-9.26
-2.14,-0.13,-10.15
-2.53,-0.23,-10.55
-2.37,-0.64,-9.66
-2.23,0.15,-9.82
-2.38,0.33,-9.6
-2.36,1.29,-10.15
-1.68,-0.12,-9.07
-2.73,-0.59,-8.65
-2.09,-0.06,-10.22
-2.6,-0.09,-10.48
-2.48,-0.41,-10.04
-2.63,-0.11,-9.59
-2.13,0.21,-9.8
-2.56,0.83,-10.09
-1.51,0.7,-9.94
-2.05,-0.13,-9.61
-2.17,0.11,-10.06
-2.27,-0.16,-10.19
-2.33,-0.27,-10.32
-2.43,-0.63,-10.16
-2.67,-0.27,-9.83
-2.21,0.16,-9.8
-2.19,0.41,-9.83
-2.21,0.94,-9.75
-1.54,0.52,-9.75
-2.06,-0.39,-8.98
-2.13,0.16,-10.17
-2.22,-0.16,-10.14
-2.44,-0.16,-10.41
-2.52,-0.62,-10.13
-2.43,-0.61,-9.78
-2.31,-0.31,-9.63
-2.13,0.27,-9.83
-2.12,0.36,-9.78
-2.42,1.25,-10.22
-1.36,1.03,-10.2
-2.55,-0.42,-9.04
-2.16,0.12,-10.19
-2.34,-0.11,-10.38
-2.57,-0.39,-10.44
-2.37,-0.69,-10.03
-2.45,-0.05,-9.98
-2,0.24,-9.75
-2.19,0.42,-9.64
-1.95,1.13,-9.98
-1.99,0.8,-9.95
-3,-0.28,-9.22
-2.05,0.07,-10.09
-2.2,-0.09,-10.29
-2.45,-0.59,-10.05
-2.69,-0.45,-9.67
-2.6,-0.39,-10.2
-2.42,-0.4,-10.2
-2.57,-0.57,-10.18
-2.57,-0.61,-9.6
-2.2,0.02,-9.83
-2.6,0.84,-9.85
-1.62,-0.14,-9.14
-2.32,-0.12,-10.32
-2.57,-0.64,-9.6
-2.38,0.36,-9.81
-1.98,-0.4,-8.87
-2.29,-0.23,-10.43
-2.16,0.1,-9.68
-2.02,0.22,-9.87
-2.14,-0.06,-10.25
-2.35,-0.21,-10.38
-2.29,0.32,-9.96
-2.26,0.43,-9.53
-2.92,-0.58,-8.79
-2.5,-0.21,-10.54
-2.37,-0.11,-9.64
-2.21,0.51,-9.58
-1.63,0.57,-9.95
-2.17,-0.05,-10.18
-2.32,-0.26,-10.48
-2.08,0.38,-10.03
-2.15,0.33,-9.55
-1.79,-0.04,-9.47
-2.39,-0.12,-10.37
-2.46,-0.5,-9.96
-1.97,0.24,-9.8
-2.43,0.98,-10.15
-3.24,-0.5,-10.4
-2.27,-0.13,-10.18
-2.62,-0.63,-9.83
-2.24,0.31,-9.96
-2.24,0.49,-9.75
-2.21,-0.5,-9.09
-2.91,-0.61,-8.57
-2.58,-0.38,-9.78
-2.43,0.13,-10.03
-2.22,0.41,-9.98
-2.36,-0.02,-9.93
-2.32,-0.35,-9.87
-2.51,0.29,-9.81
-2.09,1.01,-10.12
-2,-0.28,-9.2
-2.31,-0.1,-10.49
-2.49,0.22,-9.87
-2.72,-0.52,-10.06
-2.44,0.33,-10.06
-2.38,-0.2,-10.39
-2.06,0.25,-9.63
-2.88,-0.46,-9.76
-2.26,-0.5,-9.71
-2.5,0.38,-9.89
-3.31,-0.79,-9.61
-2.23,0.18,-9.92
-2.1,0.83,-10.01
-2.31,-0.09,-10.47
-2.55,0.12,-9.9
-2.42,0.59,-9.94
-2.35,-0.03,-10.44
-2.32,-0.13,-9.91
-2.27,0.24,-9.71
-2.15,0.31,-10.19
-2.26,-0.24,-10.46
-2.52,0.04,-9.76
-2.2,0.36,-9.98
-3.13,-0.62,-9.14
-2.42,-0.18,-10.18
-2.27,0.1,-9.47
-2.34,0.35,-9.98
-2.19,-0.01,-10.26
-2.24,-0.13,-10.39
-2.48,-0.27,-9.87
-2.12,0.28,-9.84
-2.34,0.35,-9.95
-1.77,0.18,-9.53
-2.25,-0.22,-10.15
-2.39,-0.27,-10.06
-2.1,0.21,-9.84
-2.39,0.3,-9.86
-2.02,1.08,-10.26
-2.9,-0.6,-8.6
-2.58,-0.54,-9.53
-2.51,-0.52,-10.52
-2.56,-0.51,-9.69
-2.18,0.27,-9.78
-2.23,0.44,-9.77
-1.62,0.53,-9.64
-2.54,-0.05,-10.57
-2.56,-0.17,-10.4
-2.48,-0.49,-9.73
-2.6,-0.05,-9.87
-2.22,0.11,-9.73
-2.29,0.83,-10.05
-1.65,0.41,-9.93
-2.49,-0.18,-10.58
-2.6,-0.04,-10.52
-2.46,-0.59,-10.13
-2.4,0.17,-9.94
-2.26,0.47,-9.88
-2.32,0.99,-9.94
-1.77,0.85,-10.1
-3.09,-0.53,-9.27
-2.55,-0.14,-10.67
-2.35,-0.5,-9.95
-2.24,-0.01,-9.66
-2.3,0.33,-9.81
-2.66,0.84,-10.12
-1.34,0.69,-10.15
-1.85,0.05,-9.48
-2.26,0.15,-10.01
-2.18,-0.07,-10.23
-2.43,-0.09,-10.4
-2.54,-0.68,-10.42
-2.45,-0.71,-10.08
-2.38,0.09,-9.98
-2.05,0.35,-9.91
-2.14,0.29,-9.98
-2.15,0.58,-9.65
-2.3,0.01,-9.82
-2.28,0.03,-10.27
-2.08,-0.08,-10.17
-2.51,-0.25,-10.56
-2.23,-0.45,-10.26
-2.21,-0.02,-9.67
-2.26,0.31,-9.87
-1.88,-0.29,-9.58
-2.56,-0.21,-10.58
-2.39,-0.58,-9.83
-2.28,0.35,-9.82
-1.94,0.46,-10.08
-2.26,-0.11,-10.31
-2.37,-0.51,-9.72
-2.29,0.19,-9.77
-2.37,0.82,-9.99
-2.74,-0.26,-10.62
-2.16,-0.18,-10.29
-2.58,-0.16,-9.76
-2.2,0.28,-9.8
-1.36,0.76,-10.21
-2.22,0.01,-10.25
-2.82,-0.16,-10.62
-2.51,-0.09,-9.96
-2.57,0.45,-9.85
-1.56,0.53,-10.03
-2.66,-0.6,-8.89
-2.6,-0.1,-10.64
-2.57,-0.3,-9.77
-2.42,0.45,-10.03
-2.26,0.62,-9.89
-2.01,-0.43,-9.36
-2.24,-0.09,-10.23
-2.48,-0.45,-10.26
-2.46,-0.12,-9.79
-2.44,0.44,-9.85
-1.97,1.1,-10.38
-2.14,-0.46,-8.79
-2.29,-0.14,-10.38
-2.56,-0.3,-10.23
-2.44,-0.64,-9.78
-2.08,0.03,-9.73
-2.5,-0.02,-9.78
-2.42,-0.38,-10.3
-2.26,0.17,-9.85
-2.28,-0.01,-9.75
-2.1,1.06,-10.17
-3,-0.47,-8.63
-2.35,-0.12,-10.38
-2.66,-0.17,-9.68
-2.17,0.23,-9.61
-2.38,-0.03,-9.52
-2.19,0.04,-10.22
-2.5,0.29,-9.76
-2.03,0.36,-9.77
-2.21,-0.53,-10.14
-2.39,0.27,-9.68
-1.86,0.48,-10.06
-2.21,0.06,-10.48
-2.26,0.23,-9.91
-2.67,-0.68,-9.37
-2.52,-0.13,-9.71
-2.04,0.39,-9.81
-2.17,-0.45,-9.17
-2.31,-0.33,-10.45
-2.51,-0.17,-9.87
-2.35,0.58,-10.04
-3.04,-0.73,-9.15
-2.5,-0.22,-9.71
-1.99,0.19,-9.82
-2.32,-0.43,-9.11
-2.3,-0.1,-10.63
-2.54,-0.2,-9.89
-2.45,0.22,-9.6
-2.59,1.13,-10.22
-2.15,-0.12,-9.61
-2.48,-0.06,-10.44
-2.34,-0.36,-9.8
-2.11,0.14,-9.85
-2.27,0.3,-9.65
-1.69,0.33,-9.76
-2.36,-0.05,-10.36
-2.31,-0.21,-10.36
-2.2,0.11,-9.96
-2.26,0.46,-9.75
-2.14,0.91,-9.89
-2.54,-0.38,-8.93
-2.57,-0.54,-9.06
-2.27,-0.41,-10.27
-2.43,-0.65,-9.86
-2.09,-0.02,-9.77
-2.26,0.32,-9.73
-2.22,0.93,-10.25
-2.26,-0.04,-10.39
-2.57,-0.2,-10.38
-2.26,-0.6,-10.25
-2.47,-0.19,-9.65
-2.31,0.25,-9.84
-2.7,1.17,-10.12
-2.02,0.95,-10.21
-3.21,-0.34,-9.69
-2.35,-0.09,-10.28
-2.4,-0.07,-10.35
-2.33,-0.31,-9.81
-2.17,0.21,-9.72
-2.37,0.93,-10.14
-1.56,0.91,-10.14
-3.37,-0.42,-9.1
-2.18,-0.07,-10.16
-2.46,-0.06,-10.52
-2.63,-0.55,-9.9
-2.64,-0.15,-9.86
-2.26,0.22,-9.86
-2.22,0.51,-9.73
-2.05,0.5,-9.66
-1.88,1.04,-10.24
-2.85,-0.6,-8.78
-3.17,-0.62,-9.01
-2.39,-0.09,-10.37
-2.6,-0.13,-10.43
-2.52,-0.51,-10.01
-2.6,-0.21,-9.89
-2.71,-0.23,-9.66
-2.1,0.16,-9.7
-3.22,-0.58,-9.12
-2.92,-0.51,-9.06
-3.2,-0.55,-10.28
-3.22,-0.49,-10.26
-2.37,-0.23,-10.24
-2.26,-0.57,-10.11
-2.43,0.15,-10
-2.33,0.32,-9.76
-1.91,0.18,-9.64
-2.41,-0.29,-10.2
-2.42,-0.13,-9.7
-2.28,0.44,-9.77
-1.67,0.35,-10
-2.39,-0.15,-10.36
-2.45,-0.41,-9.76
-2.23,0.34,-9.83
-2.03,0.95,-10.22
-3.1,-0.65,-9.08
-2.29,-0.51,-10.17
-2.46,-0.12,-9.58
-1.97,0.37,-9.69
-1.46,0.51,-10.14
-2.17,-0.09,-10.27
-2.29,-0.08,-10.45
-2.67,-0.32,-9.8
-2.33,0.2,-9.69
-2.44,0.91,-10.03
-1.69,0.07,-10.34
-1.61,0.13,-10.24
-1.42,0.08,-9.63
-0.44,0.03,-10.19
0.97,0.22,-10.17
0.94,0.14,-10.15
0.58,0.09,-10.35
0.72,0.1,-9.9
0.84,0.41,-9.54
0.47,-0.02,-10.68
0.59,0.23,-10.76
0.54,0.28,-10.24
1.09,0.67,-9.53
1.37,1.71,-10.23
0.34,1.36,-11.14
0.49,1.58,-9.85
1.6,1.47,-12.68
-4.41,-0.24,-6.32
2.82,2.55,-11.31
-2.09,2.25,-11.6
1.07,1.32,-8.55
-0.1,2.18,-11.88
0.13,1.29,-10.03
-0.18,0.65,-10.45
-2.22,1.04,-8.09
0.87,-0.21,-7.15
0.97,-0.08,-12.56
-2.78,0.21,-9.49
0.02,1.92,-10.99
-0.72,0.24,-9.58
-1.56,0.46,-9.96
-2.41,0.26,-9.04
-2.3,1.21,-10.87
-2.56,0.81,-10.07
-1.09,0.45,-9.17
-1.53,-0.43,-10.54
0.16,0.09,-9.67
-0.25,0.77,-10.3
-0.51,0.94,-10.42
0.07,0.37,-9.75
-1.84,0.6,-10.37
-0.41,0.26,-10.04
-0.84,-0.11,-10.1
-0.44,-0.05,-11.08
-0.11,0.32,-9.58
-1.87,-0.33,-9.8
-1.65,1.3,-10.9
-0.33,-0.47,-11.14
-1.56,0.01,-10.04
-1.13,-0.16,-10.73
-1.26,0.03,-11.64
0.28,-0.07,-9.86
-1.4,-0.01,-7.2
-2.05,-1.18,-11.65
-0.74,-0.01,-10.66
-0.31,-0.09,-9.51
0.36,-0.13,-8.28
-0.37,-0.21,-8.69
-2.1,0.26,-9.03
-2.66,-0.4,-9.65
-1.34,0.09,-9.44
-1.07,-0.38,-8.5
-1.69,0.05,-9.13
-2.43,-0.33,-9.81
-1.9,-1.19,-11.57
-4.21,-3.05,-9.6
-1.26,-0.28,-11.39
-1.73,-0.47,-9.28
-2.03,-0.27,-9.29
-2.93,0.02,-11.51
-4.03,0.12,-11
-2.73,-0.71,-11.69
-2.04,-0.14,-9.51
-1.74,0.13,-9.52
-2.03,-0.33,-10.88
-2.48,0.19,-9.74
-3.42,0.38,-10.64
-2.07,-0.12,-8.75
-2.51,0.23,-10.99
-3.49,0.95,-10.85
-3.22,0.31,-10.91
-5.33,-1.08,-14.72
-3.34,-1.3,-11.94
-2.45,0.2,-8.97
-1.98,0.21,-10.79
-3.69,-0.11,-9.7
-2.46,0.86,-11.05
-3.42,-0.03,-12.32
-3.39,0.55,-5.6
-2.35,0.45,-11.86
-3.46,-0.71,-8.77
-2.61,0.65,-11.12
-3.99,-0.42,-10.52
-2.3,-0.32,-9.66
-3.16,0.64,-10.26
-2.7,-1.17,-8.46
-2.2,0.58,-9.67
-3.2,0.57,-9.18
-19.6,19.6,-19.6
0.54,-0.81,-7.87
-2.35,-0.6,-10.08
-1.85,-0.91,-8.34
-3.15,0.26,-9.96
-2.83,-0.1,-10.25
-1.83,-0.1,-9.21
-1.88,-0.01,-9.28
-1.83,-0.03,-8.72
-1.99,1.46,-8.33
0.33,0.3,-7.51
-1.16,0.06,-10.26
-1.61,-0.5,-10.39
-1.25,-0.16,-10.08
-1.18,-0.09,-9.04
-0.37,-0.49,-8.59
-2.13,-0.43,-11.87
-2.15,0.35,-10.88
-1.55,-0.04,-9.59
-1.01,0.21,-8.34
-0.62,2.18,-9.6
-0.25,2.48,-8.65
-1.87,1.78,-10.09
-0.89,1.43,-8.38
-2.26,0.45,-9.72
-1.69,0.28,-10.17
-2.56,0.3,-12.19
0.32,-0.54,-8.81
-1.72,1.44,-11.69
-1.32,0.75,-9.71
-0.53,0.21,-8.81
-1.23,1.3,-11.72
-1.83,1.12,-9.55
-2.17,0.94,-10.2
8.83,1.28,-8.3
-3.97,0.74,-9.43
-1.38,0.11,-10.82
-1.01,0.11,-9.34
-1.58,-0.03,-10.24
-2.59,0.93,-10.16
-1.51,0.57,-9.64
-3.95,0.01,-9.89
-3.85,1.09,-7.84
-3.13,-0.12,-9.97
-1.42,-0.31,-8.09
-3.05,-0.44,-11.41
-1.86,-1.08,-10.27
0.36,-0.96,-6.59
-4.13,-3.67,-8.38
-1.68,-2.65,-8.66
-0.15,-1.6,-9.2
-0.93,-1.05,-10.09
-0.98,-1.93,-10.41
-1.84,-1.19,-10.68
-3.94,-0.68,-8.65
-4.16,-0.07,-9.74
-4.48,-0.44,-9.16
-3.62,-0.13,-8.87
-3.13,-0.18,-9.79
-3.27,-0.25,-9.03
-1.4,0.06,-7.95
-2.36,0.4,-9.81
-2.43,-0.55,-10.11
-1.35,0.19,-8.77
-1.74,2.66,-16.94
-1.85,1.28,-16.08
-2.64,0.85,-7.77
-3.7,0.9,-10.09
-3.89,0.47,-9.49
-4.07,0.02,-10.52
0.78,2.49,-10.78
-3.29,-1.33,-9.47
-2.34,0.28,-9.39
-2.25,0.16,-9.94
-2.82,0.27,-9.92
-3.46,0.86,-9.97
-3.32,0.17,-10.07
-2.8,0.16,-10.25
-2.24,0.29,-10.52
-1.93,0.8,-10.3
-2.07,0.63,-9.19
-1.6,0.31,-9.74
-2.97,3.79,-14.66
-0.61,0.92,-5.34
-2.24,-0.78,-9.68
-2.33,-0.4,-9.83
-2.28,-1.15,-11.87
1.89,1.57,-8.38
-3.45,0.52,-10.21
-5.21,0.86,-11.83
0.5,-0.79,-4.87
-2.61,0.14,-7.14
-2.93,-0.05,-10.15
-2.81,0.23,-9.39
-2.39,-0.25,-10.26
-1.92,-1.09,-10.25
-2.76,-1.44,-10.35
-3.1,-1.11,-9.48
-0.95,-0.53,-8.99
-0.46,0.77,-11.82
-2.45,-0.25,-10.32
-2.09,-0.66,-7.99
-1.25,-0.4,-10.01
-2.25,-1.81,-9.74
-3.08,0.05,-10.66
-2.83,-0.46,-8.87
-3.23,-0.16,-10.57
-1.94,-0.84,-8.63
-1.59,-0.76,-9.24
-1.91,0.13,-8.38
-1.91,-0.51,-9.9
-3.25,-1.05,-8.87
-1.31,0.91,-8.05
-0.91,0.18,-9.73
-2.68,-0.84,-11.8
-1.61,-0.55,-9.54
-2.24,0.58,-9.93
-2.81,0,-10.22
-2.96,-1.15,-10.7
-2.67,-0.25,-9.24
-2.35,-0.03,-8.94
-3.31,-1.08,-9.77
-2.67,-0.64,-10.26
-2.79,-0.26,-9.34
-2.55,-0.52,-10.73
-1.95,0.46,-9.43
-1.19,-0.6,-8.49
-1.84,0.4,-10.51
-1.28,-0.32,-10.14
-1.32,-0.72,-9.92
-0.61,-0.02,-10.01
-1.71,0.77,-9.33
-0.59,0.31,-9.15
-1.07,0.47,-10.59
-2.3,1.01,-11.72
-1.27,0.06,-11.96
-0.87,1.34,-10.04
-0.76,-0.52,-11.31
-0.81,-0.59,-8.75
-0.95,0,-10.2
-0.57,-0.1,-10.78
-1.11,0.11,-10.32
-1.71,0.33,-10.35
-1.24,-0.25,-9.62
-1.45,-0.36,-10.41
-1,-0.34,-8.83
-1.02,-0.44,-9.77
-3.24,0.19,-10.36
-1.95,-0.41,-10.23
-2.58,-0.93,-11.15
-1.03,0.13,-9.32
-0.72,-0.24,-8.52
-2.18,0.01,-10.21
-1.01,0.89,-9.59
-1.99,-1,-10.18
-1.77,0.05,-9.25
-2.2,-0.12,-8.94
-2.6,-1.64,-10.57
-4.54,-1.02,-10.49
-2.53,0,-10.16
-1.75,0.28,-10.15
-1.18,-0.06,-10.05
-2.31,-0.06,-8.36
-1.87,-0.3,-9.04
-2.23,0.27,-10.9
-1.71,-1.35,-11.04
-2.06,0.35,-9.92
-3.04,0.06,-10.19
-1.78,-0.26,-9.88
-1.63,0.32,-9.01
-2.98,0.33,-9.5
-2.4,-0.1,-10.82
-2.63,-0.1,-11.06
-1.61,0.92,-9.8
-2.22,-0.62,-7.64
-2.75,-0.79,-9.19
-1.74,-0.74,-10.75
-2.92,0.33,-9.8
-3.35,-1.16,-8.08
-0.54,0.85,-9.35
-1.29,0.6,-11.73
-2.9,-0.2,-11.75
-0.29,-0.01,-9
-1.7,0.85,-10.47
-1.49,0.23,-10.29
-2.75,-0.63,-9.38
-0.98,-0.35,-11.21
-1.39,-0.89,-9.57
-1.33,0.84,-9.96
-0.85,-0.21,-9.4
-2.68,0.14,-9.69
-1.74,0.49,-10.51
-1.04,0.59,-10.46
-1.28,0.35,-9.32
-1.91,3.65,-9.29
1.18,5.21,-14.07
4.42,0.72,-10.71
-0.33,0.33,-9.06
-1.55,-1.23,-10.7
-2.13,0.44,-10.55
-2.69,0.31,-9.35
-1.82,0.39,-9.67
-2.4,0.15,-9.19
-1.26,0.16,-9.59
-1.4,-0.79,-11.93
-2.96,0.57,-9.2
-1.46,0.15,-10.3
-0.37,0.95,-10.84
-1.54,-1.52,-7.91
1.45,0.24,-10.95
-2.28,0.22,-8.86
-2.52,-0.91,-10.72
-0.88,-0.36,-9.01
-2.5,0.4,-10.06
-1.21,-1.15,-8.13
-2.09,0.04,-9.57
-1.15,0.21,-11.62
-1.88,-0.91,-11.55
-2.56,0.12,-10.65
-2.92,-0.48,-9.15
-1.49,-0.39,-11.33
-2.2,-1.09,-9.97
-2.46,-0.19,-8.66
-3.75,-1.16,-7.59
-1.04,-0.5,-11.57
-1.27,0.05,-9.67
-2.95,-0.49,-7.86
-4.21,-0.14,-12.37
-3.4,-2.2,-11.26
-4.48,-1.17,-9.59
-2.27,-0.2,-8.57
-3.62,-0.93,-9.6
-2.71,0.75,-11.46
-2.55,-1,-8.71
-2.59,0.13,-9.71
-2.92,0.22,-9.2
5.71,1.23,-4.95
-1.42,0.55,-11.22
-3.06,-1.91,-8.68
-1.81,-0.29,-10.59
-1.15,0.25,-9.63
-3.59,-0.84,-9.78
-3.05,-0.9,-10.37
-2.11,-0.55,-10.25
-0.79,0.17,-9.62
-2.79,-0.81,-9.11
-2.73,-0.38,-10.22
-1.25,-0.7,-9.51
-3.39,-0.54,-10.8
-1.74,-0.15,-9.43
-2.19,-0.38,-9.13
-2.4,-1.17,-11.64
-2.49,-0.29,-9.44
-2.52,-0.15,-10.56
-1.04,0.03,-9.32
-1.72,-0.75,-10.79
-0.31,0.08,-9.77
-1.98,0.37,-10.85
-2.81,-0.39,-11.06
-1.79,0.33,-9.84
-0.77,-0.09,-9.99
-1.3,0.12,-9.89
-3.28,-0.73,-9.56
-1.79,-0.29,-7.81
-1.77,0.35,-10.25
-3.24,0.42,-10.8
-3.44,-0.44,-8.21
-1.55,0.07,-9.27
-3.15,0.07,-10.96
-2.98,0.02,-11.04
-3.08,0.08,-8.4
-5.22,-0.27,-10.24
-6.15,0.15,-9.72
-1.72,0.45,-10.16
-3.4,0.22,-9.19
-2.49,0.02,-10.22
-4.78,0.23,-10.67
-0.76,0.1,-5.98
-2.22,-0.27,-10.23
-1.33,0.6,-9.99
-2.1,0.42,-10.32
-1.36,0.21,-8.87
-1.49,-0.1,-9.07
-2.49,0.36,-10.91
-2.31,-0.58,-10.61
-2.39,0,-9.97
-2.87,-0.16,-9.23
-3.39,-1.02,-10.21
-2.43,-0.38,-11.81
-2.82,-0.08,-10.95
-1.77,-0.16,-9.68
-2.47,-0.24,-9.49
-1.93,0.74,-9.84
-3.43,0.28,-10.41
-2.51,0.24,-8.79
-3.28,0.09,-10.32
-1.45,-0.19,-8.5
-2.36,0.48,-10.54
-3.31,0.26,-9.44
-3.88,0.08,-9.87
-2.96,-0.23,-9.1
-3.38,0.08,-8.87
-3.1,-0.3,-10.35
-1.93,0.1,-9.21
-1.81,-0.3,-9.32
-3.92,0.09,-9.88
-1.64,1.02,-10.7
-2.32,-0.51,-9.34
-2.24,0.65,-9.68
-2.07,0.96,-8.97
-3.56,0.51,-10.3
-2.39,-0.31,-10.64
-2.16,0.57,-9.81
-1.73,0.03,-9.88
-1.74,-0.19,-10.78
-2.91,-0.15,-11.06
-1.22,0.37,-9.82
-2.88,-0.03,-9.87
-2.55,-0.14,-10.35
-2.48,-0.21,-10.04
-0.68,0.04,-9.71
-0.12,-0.31,-10.54
-1.34,-0.88,-9.16
0.41,-0.44,-10.26
-0.13,-0.41,-10.5
0.68,-0.28,-8.6
0.41,0.1,-9.09
-3,-0.55,-11.67
-0.93,0.18,-9.32
0.71,0.47,-9.25
0.06,0.29,-8.77
-2.65,-0.27,-11.78
-2.29,-0.44,-10.21
-2.05,0.15,-10.76
-1.93,0.39,-10.79
-1.35,0.78,-8.76
-1.06,0.03,-11.32
-1.02,0.67,-10.26
-0.97,0.26,-9.1
-0.32,-0.1,-10.8
-1.94,0.6,-11.83
-2.87,-0.56,-10.85
-0.44,-0.21,-9.32
-2.17,0.19,-10.31
-1.84,0.84,-11.79
-1.73,-0.19,-9.87
-1.49,-0.56,-9.87
0.24,-0.29,-8.28
-1.04,-0.77,-9.59
-0.99,-0.35,-10.26
-1.33,-0.17,-10.25
-2.28,-0.56,-10.08
-2.81,0.49,-9.97
-1.96,-0.1,-9.51
-3.1,-0.14,-9.93
-2.13,0.37,-8.49
-1.53,0.18,-10.19
-2.98,-0.29,-8.34
-2.97,0.62,-7.35
-2.67,0.35,-9.03
-2.3,-0.06,-9.58
-1.57,0.36,-9.82
-1.94,-0.14,-9.16
-2.83,0,-10.77
-1.39,0.48,-7.13
-1.93,-0.38,-10.97
-3.33,0.44,-9.98
-3.14,0.96,-8.71
-2.28,0.42,-10.32
-3.53,-0.39,-9.18
-3.81,0.19,-9.81
-3.49,0.23,-9.87
-2.33,0.95,-8.66
-1.27,-0.16,-9.03
-2,0.35,-10.08
-2.36,-0.8,-7.32
-3.13,0,-12.45
-3.46,-0.46,-10.19
-2.4,-0.75,-7.94
-7.64,-1.66,-5.36
-1.27,-4.78,-12.58
-3.71,-2.21,-8.23
-1.52,-0.82,-7.11
-6.67,-2.01,-11.33
-0.37,1.67,-8.88
-2.08,0.5,-10.27
-0.97,-0.18,-8.72
-3.29,-0.68,-8.68
-2.53,-2.63,-8.34
-2.66,-0.04,-10.09
-3.32,-1.06,-9.31
-3.67,-1.1,-11.52
-2.85,-1.09,-13.06
-1.95,-0.16,-9.2
-0.37,0.31,-9.66
-2.97,-1.41,-10.27
-2.96,-0.09,-8.39
-7.13,0.62,-11.94
-5.13,-5.77,-9.76
-7.98,-1.83,-4.2
-6.84,-0.57,-5.38
-6.58,-1.14,-6.42
-6.38,2.06,-6.92
-5.52,-0.12,-8.32
-6.13,0.38,-2.07
-2.12,-2.75,-12.22
-0.14,1.49,-7.18
-2.2,-0.76,-6.26
-3.73,3.53,-7.28
-4.1,2.52,-9.37
-3.07,0.71,-8.03
-3.53,2.25,-11.45
-1.19,-0.23,-7.81
-2.33,-0.26,-12.06
-3.56,-0.95,-9.02
-2.51,0.58,-8.79
-3.83,2.3,-8.94
-2.71,3.5,-8.79
-5.17,1.77,-12.14
-3.96,0.32,-9.33
-2.89,0.25,-8.5
-5.36,3.09,-10.07
-5.01,3.47,-10.23
-2.44,2.31,-10.43
-2.73,1.14,-9.32
-5.1,0.09,-9.52
-4.09,1.71,-9.83
-4.31,2.02,-10.66
-2.73,0.92,-10.28
-1.7,1.77,-8.62
-2.3,0.36,-10.53
-2.25,0.44,-9.92
-2.14,0.63,-6.73
-2.22,3.22,-9.59
-1.99,1.61,-9.36
-1.16,0.21,-9.96
-1.62,1.42,-10.76
-2.04,0.98,-9.4
-2.73,0.55,-11.6
-0.59,0.42,-4.87
-2.78,-0.34,-12.67
0.5,1.5,-9.35
0.23,4.08,-11.21
-2.34,0.53,-10.41
-1.69,0.6,-10.84
-2.1,0.87,-11.61
-1.5,1.79,-8.64
-2.25,1.06,-10.82
-2.48,2.08,-12.52
-3.21,1.19,-9.66
-1.76,1.01,-8.71
-4.45,0.15,-9.37
-3.37,1.13,-11.02
-3.9,-1.24,-10.33
-1.28,1.45,-6.91
-4.22,-0.23,-11.07
-1,3.18,-6.2
-3.77,0.86,-12.32
-2.86,0.47,-8.81
-4.53,0.11,-12.32
-3.15,0.43,-11.18
-3.16,0.13,-11.43
-3.05,-0.39,-10.6
-2.77,0.78,-9.32
-3.84,0.47,-12.09
-0.76,0.65,-6.37
-3,-0.3,-10.84
-2.14,0.98,-10
-2.4,-2.59,-12.98
-1.99,0.19,-10.7
-2.28,0.11,-7.16
-4.96,1.29,-13.16
-1.29,-2.11,-10.54
-2.33,0.35,-7.86
-2.05,0.77,-7.42
-2.83,1.54,-11.7
-1.11,3.06,-9.95
-5.31,0.1,-6.38
-2.76,0.79,-9.95
-3.35,-0.34,-10.12
-3.11,2.92,-8.52
-2.83,-0.15,-9.51
-3.11,2.59,-9.01
-0.27,-0.49,-5.04
-3.68,1,-9.92
-3.08,1.29,-11.21
-4.23,0.64,-11.18
-2.06,0.08,-6.97
-1.64,1.35,-8.1
-3.29,-0.05,-9.53
-0.05,5.34,-8.55
-2.97,0.68,-9.98
-2.53,-1.82,-6.94
-3.12,1.39,-7.12
-2.84,0.47,-10.21
-2.64,0.06,-9.04
-7.23,17.1,-6.52
-1.48,-0.31,-8.99
4.23,0.34,-4.53
2.04,1.31,-6.44
-3.11,1.59,-8.43
-3.75,0.82,-9.53
-1.95,1.67,-8.81
-3.66,1.26,-11.41
-4.3,-0.12,-9.95
-3.86,1.11,-9.61
-3.35,1.08,-10.39
-3.21,0.85,-10.06
-1.2,3.48,-9.52
-3.9,0.58,-10.84
-2.94,1.26,-12.73
-2.67,1.31,-10.13
-2.11,0.9,-9.1
-2.96,1.45,-9.19
-4.95,0.66,-9.95
-4,1.17,-10.31
-3.62,0.56,-9.96
-4.33,0.26,-10.51
-2.37,1.2,-9.89
-2.65,0.37,-9.8
-4.24,-0.44,-12.13
-2.88,0.81,-10.68
-2.36,0.68,-10.15
-2.44,1.28,-10.52
-2.83,1.02,-10.07
-3.04,0.75,-9.47
-2.3,1.66,-9.47
-1.34,0.55,-9.51
-2.19,0.65,-10.59
-1.51,-0.38,-8.5
-1.79,0.15,-9.9
-2.2,1.08,-9.68
-2.24,0.82,-11.13
-0.82,0.44,-8.82
-3.19,-0.42,-11.23
-1.36,0.68,-9.85
-1.89,-0.03,-10.79
-1.5,1.71,-16.16
-2.39,0.94,-9.44
-0.91,0.72,-9.76
-2.26,1.16,-8.61
-2.32,0.9,-11.91
-0.65,0.35,-9.66
-0.21,0.2,-9.99
-1.46,0.61,-10.31
-1.36,0.6,-10.36
-1.55,0.62,-9.65
-2.27,3.6,-8.33
-1.85,1.05,-12.08
-1.25,0.85,-8.24
-1.37,0.65,-11.05
-1.94,0.86,-9.42
-1.45,1.13,-11.61
0.6,1.68,-6.46
-0.4,-0.3,-11.65
-1.64,0.37,-10.78
-2.38,0.92,-12.19
-2.43,0.17,-12.42
-2.28,1.47,-10.48
-0.83,0.53,-5.89
-3.32,1,-9.97
-2.33,0.77,-10.04
-2.73,1.43,-9.89
-1.68,-0.25,-10.74
-1.56,1.09,-9.92
-2.39,1.61,-9.07
-2.28,0.64,-10.44
-5.51,1.52,-15.76
-1.82,4.33,-8.93
-2.26,1.76,-9.42
-3.15,0.56,-11.14
-1.37,0.41,-9.03
-3.57,-0.02,-10.34
-1.39,-0.81,-11.14
-2.79,1.12,-11.77
-0.44,0.31,-7.17
-3.97,4.21,-10.37
-1.42,-0.89,-10.7
-4.59,0.49,-10.76
-1.8,0.97,-8.8
-2.54,1.2,-8.9
-1.97,0.17,-12.03
-1.22,1.88,-9.73
1.91,19.52,-5.45
-2.72,-1.16,-10.89
-2.3,0.35,-12.22
-1.52,1.22,-8.42
-1.66,0.89,-9.21
-2.06,0.73,-8.65
-5.27,2.05,-10.53
-1.73,0.5,-10.21
-2.21,1.04,-8.88
-2.73,1.29,-9.61
-3.75,1.04,-12
-3.27,1.06,-10.65
-7.5,0.55,-9.96
-2.91,1.37,-9.21
-3.61,0.69,-9.08
-3.1,0.55,-10.69
-1.91,0.69,-9.27
-2.78,0.69,-8.37
-3.44,-0.78,-11.23
-2.43,0.84,-9.65
-4.35,2.54,-9.9
-2.69,1.32,-11.1
-1.11,-0.42,-5.58
-3.33,0.69,-9.17
-2.85,-0.09,-9.92
-2.17,1.32,-9.98
-2.71,1.49,-8.7
-3.18,0.48,-10.88
-2.59,0.61,-9.24
-1.59,-0.67,-6.92
-3.12,1.65,-11.19
-2.38,1.94,-8.71
-3.07,0.2,-9.47
-2.33,0.74,-8.93
-3.69,1.21,-9.36
-2.88,2.03,-6.99
-3.45,-0.21,-9.7
-3.18,-0.67,-9.94
-3.2,1.3,-8.69
-3.81,0.67,-11.74
-3.08,0.35,-9.63
-1.13,-1.89,-5.49
-1.79,-0.73,-10.45
-3.13,1.47,-9.01
-3.33,0.63,-8.9
-2.28,1.3,-9.07
0.18,0.47,-8.91
-1.43,1.81,-10.42
-5.33,-0.88,-14.73
-2.76,0.35,-10.48
-0.61,6,-7.09
-5.16,1.42,-10.17
-4.38,1.95,-8.41
-4.71,2.54,-9.65
-3.56,2.01,-9.76
-3.41,2.21,-10.81
-3.71,2.68,-8.66
-5.03,1.74,-9.99
-3.95,2.04,-9.89
-2.62,-1.02,-11.75
-1.37,0.92,-14.43
-3.71,2.07,-9.49
-3.71,2.13,-10.5
-3.76,2.08,-8.65
-4.41,1.44,-10.52
0.24,1.8,-7.4
-3.6,1.46,-7.67
-2.31,0.19,-8.83
-4.85,1.59,-13.78
-4.48,0.49,-8.68
-5.66,-0.66,-12.96
-3.13,2.13,-9.33
-3.82,1.5,-9.55
-4.35,0.48,-9.53
-4.2,1.4,-9.31
-3,0.13,-8.54
-3.17,1.11,-10.62
-3.59,0.63,-9.49
-4.41,1.33,-9.43
-3.49,0.46,-10.15
-4.12,0.87,-10.69
-2.6,2.73,-9.73
-4.18,0.17,-10.82
-3.65,0.41,-9.32
-2.75,0.67,-10.22
-3.89,1,-10.4
-3.77,0.82,-11.14
-3.74,0.64,-10.65
-4.05,1.24,-10.07
-3.57,0.93,-9.38
-3.13,0.85,-9.73
-3.87,1.13,-9.12
-3.82,0.28,-9.47
-3.71,0.66,-9.89
-2.82,0.52,-9.04
-3.28,1.25,-9.87
-3.02,0.99,-9.26
-2.87,0.11,-9.71
-3.22,0.37,-9.72
-2.53,0.88,-9.45
-3.36,0.69,-9.98
-2.62,0.2,-9.63
-2.98,0.58,-10.4
-2.63,0.52,-9.56
-2.62,0.59,-10.74
-1.98,0.61,-9.47
-2.78,0.42,-10.13
-2.23,0.55,-7
-2.14,0.33,-11.18
-2.37,0.31,-9.62
-3.01,0.87,-9.75
-2.63,0.45,-10.25
-2.88,0.81,-9.44
-3.07,1.11,-9.59
-2.65,0.48,-9.27
-2.81,0.92,-8.89
-3.28,1.01,-9.66
-3.69,0.7,-8.81
-3.68,1.05,-9.82
-3.45,1.24,-9.41
-3.66,1.63,-9.16
-3.74,0.86,-9.54
-3.56,0.96,-9.41
-3.55,1.05,-9.81
-3.31,2.36,-11.12
-4.35,0.65,-9.51
-2.91,0.69,-9.46
-4.55,0.72,-10.53
-2.85,2.23,-9.15
-3.71,1.13,-9.17
-3.21,0.8,-9.52
-3.09,0.53,-10.3
-2.72,0.36,-9.31
-2.7,0.68,-9.88
-2.61,0.31,-9.66
-2.9,0.7,-9.72
-1.83,0.24,-9.81
-2.38,0.73,-9.97
-1.92,0.43,-9.8
-1.95,0.29,-9.73
-2.12,0.75,-10
-2.08,0.61,-10.09
-1.98,-0.02,-10.34
-2.08,0.61,-9.88
-2.05,0.75,-9.85
-1.84,0.11,-9.88
-1.98,0.39,-9.78
-2.17,0.91,-10.06
-1.93,0.71,-10.06
-2.05,-0.02,-10.21
-2.15,0.6,-9.8
-2.02,0.85,-9.85
-1.89,0.38,-9.92
-1.98,-0.01,-9.95
-2.15,0.69,-9.96
-2.09,0.67,-10.12
-2.02,0.34,-9.88
-1.72,-0.07,-9.93
-1.5,0.18,-10.03
-1.54,0.54,-10.06
-1.52,0.37,-9.91
-1.28,0.23,-9.79
-1.59,0.46,-10.21
-1.53,0.31,-10.14
-1.48,0.04,-10.18
-1.62,0.3,-10.11
-0.99,0.27,-9.63
-1.97,0.35,-10.05
-1.57,0.82,-9.75
-1.78,0.65,-9.9
-1.91,0.49,-9.86
-1.76,0.42,-10.12
-1.73,0.26,-10.09
-1.97,0.38,-10.18
-1.87,0.38,-10.17
-1.88,0.66,-9.91
-2.22,0.62,-10.03
-1.83,0.76,-9.64
-2.63,0.87,-9.89
-2.15,0.49,-9.8
-2.25,0.59,-9.75
-2.61,0.53,-10.06
-2.48,0.41,-9.95
-2.46,0.24,-10.03
-2.34,0.32,-9.67
-2.45,0.67,-9.87
-2.63,0.78,-9.72
-2.17,0.25,-9.73
-2,0.34,-9.79
-2.43,0.86,-9.87
-2.45,0.67,-10.09
-2.3,0.39,-9.92
-2.08,0.12,-9.92
-1.98,0.01,-9.95
-2,0.17,-9.95
-2.05,0.74,-9.75
-1.93,0.84,-9.8
-1.88,0.62,-9.85
-1.85,0.16,-9.97
-1.91,-0.05,-10.01
-1.93,0.2,-9.76
-2.01,0.53,-9.74
-2.04,0.7,-10
-2.03,0.7,-9.96
-1.98,0.71,-9.95
-1.96,0.18,-10.06
-1.92,-0.08,-10.23
-2.01,0.12,-9.77
-2.04,0.66,-9.68
-2.04,0.97,-10.01
-1.93,0.91,-9.98
-1.81,0.42,-9.77
-1.9,0.01,-9.88
-1.95,0,-9.89
-2.03,0.63,-9.83
-2.05,0.66,-9.91
-2,0.82,-9.92
-2.01,0.72,-10.13
-1.93,0.5,-10.05
-1.94,0.2,-9.96
-1.97,-0.02,-10.12
-2,0.1,-9.97
-1.98,0.12,-9.77
-2.1,0.66,-9.69
-1.86,0.98,-9.71
-1.88,0.46,-9.88
-2,0.21,-9.84
-2.03,0.01,-10.03
-2.04,0.14,-10.07
-2.04,0.09,-9.98
-2.05,0.21,-9.9
-2.03,0.51,-9.86
-1.99,0.78,-9.9
-1.94,0.95,-9.91
-1.86,0.92,-9.88
-1.88,0.52,-9.89
-1.93,0.11,-10
-1.95,-0.02,-10.12
-1.97,0.18,-9.92
-2.01,0.51,-9.78
-1.99,0.27,-9.75
-2.03,0.02,-9.93
-2.04,0.12,-9.97
-2.05,0.17,-10.07
-2.04,0.01,-10
-1.96,0.07,-9.72
-1.97,0.61,-9.79
-1.97,0.57,-9.81
-2.05,0.9,-10.14
-1.93,0.61,-9.93
-1.86,0.45,-10
-1.95,0.1,-10.1
-1.97,-0.01,-9.88
-2.04,0.31,-9.68
-2.07,0.54,-9.9
-1.95,0.98,-9.91
-1.86,0.76,-9.96
-1.95,0.32,-9.92
-1.91,-0.1,-10.04
-2.04,0.05,-9.69
-1.99,0.63,-9.71
-2.09,0.73,-9.91
-1.89,0.86,-9.92
-1.84,0.53,-10.09
-1.86,0.23,-10.01
-1.93,-0.06,-10.16
-1.98,0.14,-10.12
-2.08,-0.01,-9.62
-1.96,0.86,-9.72
-1.7,-0.06,-9.65
-2,0.95,-9.99
-1.81,-0.11,-9.88
-1.97,0.47,-9.7
-2.1,0.67,-10
-1.83,0.88,-10.06
-1.76,0.06,-9.83
-2.02,0.37,-9.66
-1.8,0.39,-9.94
-2.08,0.52,-9.69
-1.93,0.75,-9.69
-1.83,-0.11,-9.73
-2.03,0.76,-9.9
-1.91,0.6,-10.07
-1.71,-0.05,-10.15
-2.14,0.59,-9.74
-2.07,0.84,-10.09
-1.85,0.37,-9.9
-1.91,-0.04,-9.66
-2.07,0.53,-9.82
-2.07,0.73,-10.17
-1.76,0.39,-10
-1.9,-0.15,-10.13
-2.01,0.49,-9.76
-2.11,0.9,-9.95
-1.89,0.93,-10
-1.81,0.19,-10.23
-1.94,0.12,-9.71
-2.1,0.62,-9.8
-1.92,0.66,-10.13
-1.82,0.29,-10.07
-1.9,-0.11,-10.16
-1.95,0.45,-9.71
-2.04,0.9,-9.79
-1.88,0.98,-9.86
-1.82,0.63,-10.11
-1.77,0.11,-9.91
-1.89,0.04,-9.76
-2.01,0.4,-9.78
-2.21,0.83,-10.17
-1.92,0.61,-10.13
-1.91,0.35,-10.24
-1.78,-0.07,-10.02
-1.99,0.01,-10.09
-1.96,0.32,-9.68
-2.01,0.61,-9.78
-1.99,0.95,-9.9
-1.9,0.9,-9.83
-1.8,0.73,-9.82
-1.86,0.39,-9.97
-1.9,0.04,-10.07
-1.94,-0.12,-10.04
-2.04,0.37,-9.66
-1.99,0.49,-9.8
-2.29,0.53,-9.81
-2.01,0.66,-10.02
-1.9,0.67,-9.96
-1.86,0.63,-10.07
-1.88,0.23,-10.06
-1.96,-0.17,-10.1
-1.97,-0.08,-10.05
-1.99,0.11,-9.77
-2,0.51,-9.74
-2.05,0.66,-9.79
-2.07,1.01,-10.02
-1.96,0.84,-9.81
-1.86,0.86,-9.84
-1.81,0.67,-9.99
-1.83,0.18,-10.06
-2.11,-0.01,-9.98
-1.86,0,-9.68
-2,0.37,-9.82
-2.05,0.38,-9.75
-2.15,0.51,-9.87
-2.01,0.77,-9.97
-1.96,0.66,-10.13
-1.91,0.53,-10.1
-1.94,-0.04,-10.03
-2.06,-0.04,-10.24
-1.97,-0.04,-10.06
-1.47,0.34,-10.13
-1.23,0.25,-10.12
-1.3,0.21,-10.02
-1.22,0.22,-10.07
-0.44,0.07,-10.29
-0.01,-0.21,-10.39
-0.16,-0.32,-10.44
-0.4,-0.09,-10.5
0.89,-0.44,-10.48
0.69,-0.41,-10.26
0.58,-0.49,-10.56
0.35,-0.08,-10.47
0.25,-0.33,-10.33
0.17,-0.79,-10.17
-0.28,-0.2,-10.94
0.67,-2.33,-6.96
0.46,-0.15,-10.98
-1.48,-2.73,-14.71
-2.39,-0.94,-10.01
-1.23,-0.23,-9.97
-1.42,-0.31,-9.28
-0.83,0.01,-10.32
-2.27,-0.99,-10.18
-1.44,0.18,-9.94
-3.04,-0.67,-9.42
-2.53,-1.69,-8.32
-2.92,0.37,-9.39
-3.06,0.37,-10.6
-2.32,-0.42,-9.97
-1.49,0.27,-6.43
-1.15,1.79,-10.17
-3.46,0.49,-9.21
-0.82,0.03,-6.73
-4.34,-2.73,-10.2
-3.78,-0.71,-10.99
-5.17,3.32,-14
-2.13,-0.61,-7.04
-4,-0.66,-12.81
-4.84,-2.56,-7.89
-3.66,-6.15,-10.12
-2.78,-1.57,-8.33
-3.44,-0.95,-8.99
-3.23,-1.69,-5.95
-4.16,0.05,-8.15
-5,-3.45,-10.22
-3.45,-1.67,-9.53
-3.58,-1.83,-10.26
-3.08,-1.22,-9.33
-3.5,-1.61,-9.85
-2.25,-0.24,-9.7
-2.23,-0.73,-10.28
-2.38,-0.3,-9.84
-2.28,0.07,-9.86
-0.2,1.17,-9.69
-1.22,-0.41,-11.15
-6.75,2.84,-9.11
0.48,0.17,-10.05
-1.78,1.33,-10.05
6.81,1.14,-17.62
-1.31,-0.6,-10.67
-1.77,-0.55,-10.06
-1.31,-0.26,-9.31
-2.4,-0.5,-10.44
-1.62,0.18,-9.67
-1.74,0.22,-10.33
-1.3,-0.32,-9.76
-2.3,-0.32,-9.9
-1.98,-0.27,-10.84
-1.66,-0.08,-9.98
-1.52,-0.13,-9.77
-1.97,0.2,-9.13
-1.56,-0.75,-10.16
-1.63,-0.73,-9.46
-2.17,0.08,-10.42
-1.78,-0.38,-8.27
-3.78,-0.46,-11.17
-1.9,-1.11,-8.2
-2.34,-1.38,-8.48
-3.1,-1.14,-10.2
-2.99,-1.1,-8.32
-3.06,-0.52,-10.94
-2.97,-1.58,-9.54
-1.73,-0.08,-10.37
-2.77,-0.91,-12.02
-0.95,-0.45,-8.36
-1.8,-0.72,-9.23
-1.91,-0.85,-10.15
-2.01,-0.54,-10.11
-2.53,-0.99,-8.97
-2.74,-0.49,-12.02
-1.87,-0.3,-10.89
-1.9,-0.34,-10.03
-2.46,-0.32,-10.71
-1.62,-0.48,-10.06
-2.27,-0.02,-9.84
-1.74,-0.26,-9.55
-1.69,-0.63,-8.89
-1.57,0.1,-9.48
-1.69,-0.26,-9.84
-4.11,-1.24,-12.04
-2.09,-0.32,-10.3
-1.96,0.17,-10.11
-2,-0.52,-10.29
-2.42,-0.95,-9.84
-2.68,-0.69,-9.56
-3.28,-0.38,-9.61
-3.13,-0.55,-9.96
-2.72,-0.36,-9.81
-3,-0.35,-9.63
-3.12,-0.05,-9.48
-2.93,-0.71,-9.61
-3.3,-0.28,-9.68
-3.26,-0.48,-9.9
-3.54,-0.9,-9.74
-3.18,-0.61,-9.43
-4.21,-0.51,-9.53
-2.9,-0.26,-10.71
-3.73,-0.52,-10.18
-3.47,-0.38,-9.57
-3.68,-0.03,-9.31
-3.03,-0.35,-9.64
-3.31,-0.55,-9.22
-3.17,-0.44,-9.1
-3.35,-0.3,-9.62
-3.33,-0.39,-9.76
-3.8,-0.5,-9.55
-3.74,-0.27,-9.73
-3.12,-0.47,-9.54
-2.82,-0.73,-9.87
-2.76,-0.54,-9.74
-2.52,-0.35,-9.92
-2.58,-0.51,-9.71
-2.42,-0.56,-9.87
-2,-0.43,-9.85
-2.1,-0.31,-10.6
-1.96,-0.43,-10.06
-2.02,-0.4,-10.1
-1.98,-0.47,-10.01
-1.96,-0.46,-10.09
-1.96,-0.44,-10.04
-2.06,-0.31,-10.05
-1.76,-0.47,-9.81
-2.05,-0.28,-9.79
-1.85,-0.13,-9.65
-1.92,-0.65,-10.21
-1.99,-0.35,-9.99
-1.84,-0.49,-10.13
-2.06,-0.13,-9.99
-1.94,-0.53,-10.09
-2.02,-0.57,-10.51
-2.08,-0.55,-10.36
-1.93,-0.58,-10
-1.81,-0.36,-9.86
-2,0.04,-10.05
-1.74,-0.28,-9.81
-1.77,-0.75,-10.06
-1.84,-0.36,-9.85
-2.03,0.04,-10.04
-1.71,-0.23,-9.69
-1.94,-0.66,-10.24
-2,-0.72,-10.01
-1.96,-0.55,-9.81
-1.84,0.03,-9.91
-1.96,-0.29,-9.69
-2.02,-0.57,-10.17
-1.88,-0.7,-10.16
-1.98,-0.41,-10.1
-2.01,0.01,-9.93
-1.98,-0.14,-9.83
-1.78,-0.41,-9.84
-1.97,-0.72,-10.05
-1.99,-0.8,-10.24
-1.95,-0.45,-10.13
-1.93,-0.33,-10.1
-1.93,-0.04,-9.7
-1.93,-0.22,-9.94
-1.7,-0.36,-10.07
-1.97,-0.79,-10.24
-1.89,-0.63,-10.06
-1.98,-0.33,-10.1
-2.12,-0.15,-10.14
-1.88,-0.03,-9.79
-1.96,-0.11,-9.61
-1.81,-0.41,-10.01
-1.98,-0.76,-10
-1.9,-0.78,-10.05
-1.94,-0.69,-10.19
-1.93,-0.38,-10.29
-2.02,-0.12,-9.9
-1.85,-0.02,-9.71
-1.98,-0.24,-9.89
-1.79,-0.57,-9.89
-2.02,-0.78,-10.06
-1.77,-0.77,-10.16
-1.92,-0.72,-10.53
-1.95,-0.45,-10.25
-1.86,-0.3,-10.21
-2.01,-0.06,-10.15
-2.06,-0.03,-9.7
-2,-0.01,-9.58
-1.8,-0.22,-9.89
-1.87,-0.55,-10.14
-1.94,-0.87,-9.86
-1.94,-0.65,-10.05
-1.95,-0.51,-10.41
-2,-0.31,-10.16
-2.08,-0.08,-9.88
-1.89,0.13,-9.66
-2.08,-0.25,-9.85
-1.83,-0.43,-9.84
-1.7,-0.63,-9.89
-1.85,-0.8,-10.07
-2.04,-0.71,-10.46
-1.94,-0.63,-10.13
-2.04,-0.38,-10.17
-1.9,-0.25,-10.22
-2.1,-0.06,-9.85
-1.88,-0.12,-9.75
-2,-0.04,-9.7
-1.8,-0.27,-9.91
-1.75,-0.65,-9.77
-1.97,-0.78,-10.06
-1.9,-0.76,-10.11
-1.94,-0.69,-10.11
-1.77,-0.44,-10.07
-1.83,-0.37,-10.26
-1.89,-0.15,-9.92
-2.09,-0.14,-9.68
-2.02,-0.14,-9.93
-2.14,-0.25,-10.07
-1.7,-0.59,-9.74
-1.72,-0.65,-9.92
-1.79,-0.73,-9.92
-2.04,-0.66,-10.07
-1.98,-0.7,-10.01
-1.99,-0.17,-10
-1.75,-0.11,-9.91
-1.95,-0.18,-10.08
-1.89,-0.17,-9.96
-1.8,-0.08,-10.05
-1.86,-0.04,-9.65
-1.83,0,-9.82
-2.03,-0.21,-9.92
-1.89,-0.54,-9.95
-2.02,-0.71,-10.1
-2,-0.65,-9.97
-1.9,-0.44,-9.84
-1.89,-0.3,-10.17
-2.09,-0.13,-9.75
-1.77,-0.1,-9.94
-1.9,-0.32,-10.02
-1.74,-0.52,-10.04
-1.82,-0.69,-9.9
-2,-0.65,-10.07
-1.88,-0.44,-10.08
-2,-0.21,-10.15
-2.02,-0.06,-9.9
-1.89,-0.13,-9.81
-1.83,-0.26,-9.7
-1.88,-0.59,-9.9
-1.91,-0.7,-10.01
-1.82,-0.66,-9.95
-1.99,-0.49,-10.12
-1.92,-0.39,-10.09
-1.89,-0.06,-9.87
-1.87,-0.08,-9.88
-1.93,-0.27,-9.94
-1.87,-0.53,-9.87
-2.05,-0.83,-9.88
-1.83,-0.64,-10.2
-1.9,-0.63,-9.96
-2.05,-0.46,-10.35
-1.84,-0.21,-10.09
-2.01,0.08,-10.03
-1.86,-0.02,-9.86
-1.85,0,-10.02
-2.03,0.11,-9.88
-1.9,-0.26,-9.57
-1.89,-0.85,-9.84
-2.06,-0.41,-9.88
-1.84,-0.24,-9.69
-1.8,-0.77,-10.3
-1.97,-0.36,-10.07
-1.96,0.05,-10.07
-1.9,-0.39,-9.53
-1.85,-0.64,-9.52
-1.99,-0.21,-9.82
-1.82,-0.68,-10.14
-2.08,-0.34,-9.99
-1.92,-0.31,-9.54
-1.91,-0.74,-10.05
-1.76,-0.27,-9.84
-2.12,-0.11,-9.98
-1.92,-0.53,-10.2
-1.93,-0.71,-9.81
-2.12,-0.29,-10.14
-1.67,-0.25,-9.53
-2.04,-0.62,-10.22
-1.93,-0.73,-10.02
-2.09,-0.37,-10.08
-1.9,-0.07,-9.76
-1.99,-0.4,-9.75
-2.14,-0.87,-10.38
-1.91,-0.65,-9.83
-2.07,-0.34,-10.23
-1.92,0,-9.88
-1.85,-0.27,-9.76
-1.92,-0.79,-10.14
-1.72,-0.76,-9.77
-1.79,-0.27,-10.02
-2,0.04,-10.16
-1.78,-0.21,-9.89
-2.02,-0.71,-10.15
-2.03,-0.65,-9.96
-1.91,-0.35,-10.17
-2.08,0.07,-9.96
-1.96,-0.06,-9.65
-1.87,-0.18,-9.78
-2.03,-0.75,-10.19
-1.77,-0.77,-9.93
-1.88,-0.56,-9.95
-2.13,-0.4,-10.09
-1.94,0.01,-10.05
-1.87,-0.07,-10.06
-1.88,-0.37,-9.85
-1.93,-0.64,-9.74
-1.82,-0.7,-10.04
-1.98,-0.58,-10.15
-1.86,-0.38,-10.05
-1.95,-0.01,-9.82
-1.73,0.06,-9.79
-2.04,-0.12,-9.85
-1.87,-0.31,-9.58
-2.01,-0.57,-10.18
-1.85,-0.64,-10.26
-2.05,-0.69,-10.25
-1.95,-0.54,-10.01
-2.02,-0.39,-10.07
-1.95,-0.3,-10.12
-1.99,-0.08,-9.68
-1.95,-0.04,-9.85
-2.02,-0.07,-10.04
-1.85,-0.36,-9.92
-1.85,-0.5,-10.03
-1.82,-0.7,-9.71
-1.8,-0.83,-9.92
-1.93,-0.73,-10.12
-1.68,-0.51,-10.06
-1.33,-0.4,-9.78
-1.31,-0.23,-10.02
-1.4,-0.18,-10.34
-1.49,-0.36,-10.22
-1.37,-0.42,-10.35
-1.39,-0.4,-10.44
-1.3,-0.47,-9.95
-1.44,-0.34,-9.92
-1.48,-0.37,-10.04
-1.74,-0.28,-10.19
-1.91,-0.6,-9.97
-1.89,-0.33,-10.04
-1.68,-0.57,-9.76
-1.65,-0.63,-9.79
-1.59,-0.56,-10.04
-1.84,-0.22,-9.96
-1.54,-0.6,-9.74
-1.37,-0.36,-10.15
-1.58,-0.56,-10.29
-1.45,-0.48,-9.99
-1.21,-0.41,-9.97
-0.03,-0.16,-10.47
0.9,0.01,-10.56
0.33,-0.18,-10.15
0.61,-0.28,-10.4
0.84,-0.44,-10.41
0.73,-0.27,-9.84
0.43,-0.6,-10.61
0.56,-0.31,-9.67
0.25,-0.7,-9.79
0.18,-0.49,-9.91
-1.05,-0.31,-10.07
0.86,-0.23,-9.94
0.39,-0.17,-10.03
-0.13,-0.55,-10
-0.42,-0.19,-10.21
0,-0.49,-9.9
-0.18,-0.47,-9.84
0.08,-0.74,-10.37
-0.44,-0.63,-10.97
-0.34,-0.55,-9.38
-0.6,-0.31,-10.41
-1.34,-0.01,-10.5
-0.95,-0.14,-9.93
-1.14,-0.6,-10.18
-1.14,-0.36,-10.79
-1.51,-0.59,-10.72
-1.35,0.02,-10.93
-1.07,-0.34,-8.6
-0.58,-0.44,-9.39
-0.61,0.96,-9.72
-1.47,1.33,-10.21
-1.44,3.22,-9.28
-1.37,0.58,-9.12
1.36,3.7,-16.23
-2.5,0.03,-13.7
-2.59,0.66,-6.02
-1.59,0.44,-9.01
-0.65,0.52,-9.67
-2.4,0.44,-10.64
-1.39,-0.03,-10.74
-1.25,-1.5,-9.37
-0.95,-0.02,-12.18
-1.08,-0.45,-9.67
-0.86,-0.83,-8.95
-1.02,-0.44,-11.2
-0.05,-0.86,-9.75
-1.83,-0.4,-10.14
-1.62,-0.01,-9.99
-2.32,1.21,-8.34
-2.1,0.28,-10.28
-4.32,-0.65,-10.24
-2.83,-0.06,-8.96
-2.98,-0.36,-9.8
-3.67,-0.68,-9.91
-5.56,-0.56,-11
-4.4,-0.5,-9.54
-4.78,-0.11,-8.83
-5.11,0.08,-8.73
-5.26,-0.59,-8.94
-5.23,-0.45,-8.16
-5.47,-0.74,-9.91
-5.46,-0.42,-9.24
-4.64,-0.03,-9.91
-4.31,-0.17,-9.56
-4.27,0.09,-10.31
-2.93,-0.46,-9.89
-2.28,-0.25,-9.47
-2.19,-0.48,-10.29
-2.14,-0.03,-9.67
-2.38,-0.47,-10.05
-2.07,-0.25,-10.02
-2.07,-0.35,-10.25
-1.84,0.06,-9.76
-1.61,-0.24,-10.07
-1.9,-0.13,-10.12
-1.11,-0.49,-10
-0.35,-0.25,-10.48
-0.8,-0.43,-10.13
-1.31,-0.19,-9.85
-2.1,-0.53,-10.11
-2.49,-0.66,-9.8
-2.18,-0.48,-9.63
-2.09,-0.12,-10.34
-2.22,-0.2,-9.82
-2.2,-0.08,-9.9
-1.63,-0.17,-10.06
-0.99,-0.41,-10.59
-0.09,-0.5,-10.81
-0.35,-0.57,-10.93
0.44,0.28,-9.45
0.17,0.16,-9.69
1.19,0.38,-9.72
0.47,0.01,-9.94
0.28,0.1,-9.76
0.45,-0.06,-10.33
0.26,-0.35,-9.94
0.33,0.01,-10.05
-0.21,-0.11,-9.89
0.82,0.12,-9.86
-0.15,-0.29,-10.62
-0.06,0.76,-9.66
-1.14,0.43,-10.24
-2.32,-0.11,-11.46
-0.14,0.51,-10.39
-1.02,1.44,-9.92
-0.35,1.17,-11.11
-0.46,1.01,-9.86
-0.11,1.35,-10.8
-1.22,0.06,-10.43
-0.09,-0.06,-9.67
-0.38,0.22,-9.8
-0.43,-1.05,-9.83
-0.7,-1.21,-11.79
-1.11,-1.79,-11.24
-0.6,-1.3,-9.76
-0.67,-1.07,-11.45
-1.71,-0.74,-11.24
-1.98,-0.51,-10.94
-0.59,-0.66,-11.09
-0.13,-0.11,-9.58
0.74,-0.63,-8.86
-0.41,1.24,-10.18
-1.51,-0.2,-10.39
-0.66,0.35,-11.17
-0.84,0.92,-12.18
-1.05,0.6,-10.83
0.1,-0.33,-9.06
-0.85,-0.44,-10.1
-0.96,-0.24,-9.59
-0.9,-0.21,-11.02
-0.83,1.15,-10.31
-0.86,-0.14,-10.4
0.06,0.53,-10.38
-0.61,-0.06,-10.19
-0.47,-0.57,-10.71
-0.16,0.24,-9.6
0,0.37,-8.92
-0.6,-0.69,-10.14
-0.91,-0.34,-10.42
-1.03,0.34,-10.73
-1.7,-0.44,-10.39
-0.15,-0.5,-9.65
-1.16,1.08,-12.15
-2.14,0.59,-10.25
0.99,-1.1,-12.32
-4.3,0.09,-9.75
-1.56,0.35,-10.51
-2.16,-0.32,-9.55
-2.72,-1.14,-12.14
-2.7,-0.68,-8.89
-1.46,1.1,-10.86
-1.74,-0.25,-10.62
-1.78,-0.33,-7.12
-2.81,-1.13,-13.16
-7.92,2.25,-7.71
-2.07,0.13,-8.56
-3.56,-0.01,-10.42
-1.64,-0.24,-10.52
-2.35,-0.14,-10.54
-1.77,0.01,-10.92
-2.58,0.61,-8.44
-3.91,-0.72,-11.42
-2.64,-0.26,-10.32
-2.96,0.53,-9.43
-2.68,0.68,-8.94
-3.2,0.08,-10.43
-0.5,1.11,-4.49
-2.95,0.12,-11.33
-3.81,-0.36,-10.56
-3.53,-0.29,-9.41
-2.63,-0.38,-8.95
-2.89,0.14,-8.73
-2.65,0.53,-10.28
-2.16,-0.13,-9.52
-2.3,0.56,-9.85
-2.21,-0.2,-10.49
-2.45,-0.19,-9.5
-2.3,0.46,-8.67
-2.29,0.01,-10.93
-3.72,-0.49,-9.64
-3.5,0.45,-9.98
-3.75,-0.26,-9.8
-3.49,-0.4,-10.14
-3.54,-0.27,-10.13
-2.97,-0.07,-10.3
-2.89,-0.5,-9.55
-3.26,-0.24,-9.74
-2.34,-0.77,-10.86
-3.17,-0.73,-9.1
-1.25,-1.1,-7.58
0.15,-1.18,-3.15
-7.1,-1.8,-9.68
-4.29,-0.57,-10.94
-3.82,0,-7.14
-4.34,1.04,-9.35
-5.18,-0.13,-10.14
-4.96,0.65,-9.61
-7.3,3.85,-9.73
1.46,1.98,-6.81
-7.56,5.1,-9.35
-5.68,4.13,-9.05
-6.55,4.37,-9.64
-8.73,4.3,-8.3
-19.6,15.6,-13.33
-5.18,3.02,-7.62
-4.03,3.22,-9.24
-3.84,4.96,-10.2
-3.08,2.07,-10.56
-0.94,1.49,-6.92
-2.73,1.39,-9.12
-4.57,1.04,-9.39
-6.39,7.45,-0.83
-5.62,2.75,-9.64
-7.7,-1.04,-6.14
-9.5,-0.33,-13.87
-6.39,0.54,-9.02
-5.97,0.33,-9.16
-4.56,-0.38,-9.77
-3.64,-0.31,-10.37
-2.02,-1.52,-9.81
-0.55,0.7,-10.46
-0.8,0.3,-10.67
-0.84,1.14,-10.34
-0.07,1.09,-9.83
-1.05,-0.84,-9.08
-0.75,1.61,-10.23
-0.71,0.24,-9.83
-1.04,0.34,-10.3
-1.06,-0.47,-10.21
-2.78,-0.44,-9.58
-3.34,0.02,-10.39
-2.88,0.95,-10.23
-2.64,-0.07,-9.3
-0.27,-0.01,-10.29
-0.49,-0.18,-10.2
-0.33,0.15,-9.89
-0.69,0.33,-9.66
-0.05,0.06,-9.64
0.8,0.04,-9.63
2.13,0.2,-10.24
2.36,-0.71,-9.97
1.94,-1.73,-10.06
-0.26,-1.63,-10.34
-1.59,-2.33,-9.97
-1.42,-1.98,-10.16
-1.82,-2.09,-9.34
-2.31,-1.52,-9.86
-1.03,-0.03,-9.77
-1.71,0.33,-10.41
-1.77,0.17,-9.85
-2.51,0.19,-10.19
-2.52,-0.21,-10.16
-2.95,0,-9.89
-2.56,-0.11,-9.65
-2.57,-0.06,-9.84
-2.18,-0.18,-10.02
-0.22,-0.13,-10.01
-0.23,-0.25,-10.14
-0.19,-0.1,-9.45
-0.82,-0.28,-10.03
-0.52,-0.46,-10.34
-0.6,-0.16,-10.06
-0.69,-0.21,-10.08
-0.88,-0.32,-10.05
-0.43,-0.36,-10.02
-0.45,-0.37,-10.18
-0.56,-0.26,-9.99
-0.48,-0.29,-10.01
-0.56,-0.06,-9.86
-0.76,-0.36,-10.07
-0.72,-0.45,-10.07
-0.48,-0.21,-10.29
-0.6,-0.4,-10.25
-0.76,-0.36,-9.98
-0.74,-0.22,-10.15
-0.5,-0.5,-10.19
-0.55,-0.3,-10.03
-0.73,-0.14,-9.95
-0.73,-0.17,-10.04
-0.6,-0.26,-10.09
-0.7,-0.54,-10.13
-0.53,-0.26,-10.17
-0.55,-0.01,-9.89
-0.65,-0.1,-10.12
-0.78,-0.47,-10.29
-0.74,-0.61,-10.06
-0.59,-0.44,-10.03
-0.56,0.03,-10.01
-0.57,-0.06,-9.89
-0.74,-0.35,-10.16
-0.68,-0.61,-10.04
-0.6,-0.42,-10.04
-0.55,-0.15,-9.98
-0.56,-0.03,-9.93
-0.53,-0.1,-9.99
-0.68,-0.2,-10.19
-0.79,-0.53,-10.28
-0.64,-0.61,-10.3
-0.65,-0.54,-10.2
-0.56,-0.43,-10.07
-0.45,-0.06,-9.9
-0.54,0.07,-9.83
-0.69,-0.11,-9.88
-0.77,-0.36,-10.08
-0.76,-0.51,-10.13
-0.69,-0.62,-10.11
-0.56,-0.34,-10.04
-0.52,-0.19,-9.95
-0.61,-0.01,-10.12
-0.55,-0.03,-10.05
-0.65,-0.18,-10.07
-0.65,-0.4,-10.14
-0.82,-0.6,-10.31
-0.65,-0.53,-10.21
-0.71,-0.59,-10.18
-0.79,-0.51,-10.46
-0.68,-0.47,-10.11
-0.58,-0.2,-10.17
-0.46,-0.09,-9.83
-0.53,-0.09,-9.93
-0.47,-0.05,-9.84
-0.51,-0.05,-9.95
-0.46,-0.08,-9.95
-0.47,0.02,-9.89
-0.6,-0.14,-10.04
-0.67,-0.23,-10.1
-0.7,-0.49,-10.15
-0.76,-0.6,-10.22
-0.73,-0.56,-10.14
-0.65,-0.52,-10.11
-0.58,-0.13,-10.13
-0.47,0.03,-10.05
-0.52,0.07,-9.74
-0.63,-0.07,-10.07
-0.79,-0.47,-10.21
-0.77,-0.56,-10.27
-0.71,-0.62,-10.12
-0.61,-0.39,-10.18
-0.5,-0.09,-9.82
-0.46,0.13,-9.99
-0.57,-0.1,-10.03
-0.62,-0.31,-10.21
-0.74,-0.62,-10.09
-0.65,-0.61,-10.24
-0.66,-0.5,-10.06
-0.55,-0.19,-10.08
-0.52,0.04,-10.14
-0.45,0.05,-9.82
-0.54,-0.04,-9.9
-0.74,-0.36,-10.09
-0.74,-0.6,-10.22
-0.65,-0.51,-10.08
-0.57,-0.24,-10.13
-0.52,-0.11,-9.99
-0.66,-0.22,-10.06
-0.58,-0.06,-10.12
-0.65,0.07,-10.26
-0.7,-0.34,-10.3
-0.57,-0.59,-10.03
-0.62,0.07,-10.17
-0.74,-0.51,-9.91
-0.63,-0.14,-10.18
-0.63,-0.62,-9.85
-0.62,0.09,-10.31
-0.56,-0.57,-9.8
-0.64,-0.18,-10.28
-0.57,-0.32,-10.03
-0.6,-0.06,-10.12
-0.56,-0.64,-9.97
-0.51,0.14,-9.99
-0.59,-0.05,-10.07
-0.69,-0.38,-10.14
-0.76,-0.64,-10.34
-0.67,-0.53,-10.26
-0.56,-0.03,-10.08
-0.58,0.03,-9.91
-0.62,-0.05,-10.07
-0.75,-0.55,-10.07
-0.73,-0.57,-10.07
-0.58,-0.44,-10.15
-0.54,-0.17,-10.03
-0.51,0.04,-9.98
-0.57,-0.03,-9.84
-0.66,-0.21,-10.15
-0.79,-0.59,-10.28
-0.71,-0.64,-10.31
-0.62,-0.55,-10
-0.53,-0.15,-9.98
-0.47,0.06,-10.03
-0.61,0.02,-9.85
-0.67,-0.16,-9.98
-0.79,-0.4,-10.21
-0.77,-0.54,-10.24
-0.68,-0.57,-10.04
-0.52,-0.39,-9.99
-0.5,-0.21,-9.98
-0.74,-0.07,-10.03
-0.54,-0.09,-9.73
-0.51,-0.11,-9.86
-0.66,-0.18,-10.18
-0.78,-0.61,-10.31
-0.72,-0.56,-10.11
-0.63,-0.52,-10.07
-0.52,-0.07,-9.97
-0.54,-0.01,-9.91
-0.47,0.03,-9.84
-0.65,-0.06,-10.12
-0.72,-0.3,-10.12
-0.67,-0.33,-10.17
-0.67,-0.58,-10.11
-0.63,-0.5,-10.06
-0.61,-0.38,-10.15
-0.45,-0.03,-9.97
-0.47,0,-9.83
-0.56,-0.02,-9.99
-0.73,-0.14,-10.12
-0.75,-0.37,-10.07
-0.77,-0.5,-10.35
-0.69,-0.67,-10.19
-0.62,-0.51,-10.16
-0.55,-0.56,-10.2
-0.47,-0.18,-9.96
-0.41,0.02,-9.79
-0.54,0.02,-9.93
-0.55,0,-9.99
-0.62,-0.14,-10
-0.61,-0.11,-9.92
-0.7,-0.27,-10.16
-0.77,-0.47,-10.08
-0.77,-0.51,-10.29
-0.73,-0.55,-10.26
-0.61,-0.56,-10.18
-0.57,-0.47,-10.35
-0.61,-0.39,-10.25
-0.53,-0.21,-9.98
-0.49,-0.05,-9.99
-0.5,-0.01,-10.12
-0.45,0,-9.94
-0.43,-0.04,-9.86
-0.49,-0.07,-9.83
-0.58,-0.06,-10.01
-0.66,-0.23,-10.1
-0.65,-0.27,-10.24
-0.69,-0.44,-10.01
-0.81,-0.58,-10.25
-0.75,-0.57,-10.26
-0.68,-0.64,-10.22
-0.56,-0.5,-10.06
-0.57,-0.48,-10.15
-0.57,-0.37,-9.99
-0.5,-0.17,-9.97
-0.41,-0.01,-9.98
-0.54,0.11,-10
-0.57,0.08,-9.95
-0.59,-0.07,-9.92
-0.7,-0.2,-9.98
-0.82,-0.54,-10.16
-0.73,-0.58,-10.17
-0.67,-0.56,-10.3
-0.53,-0.36,-10.15
-0.48,-0.21,-9.88
-0.51,-0.06,-10.01
-0.51,0.04,-9.98
-0.54,-0.03,-10.02
-0.54,-0.09,-9.91
-0.65,-0.32,-10.13
-0.76,-0.54,-10.36
-0.8,-0.56,-10.33
-0.76,-0.59,-10.3
-0.91,-0.62,-10.14
-0.71,-0.55,-10.25
-0.8,-0.67,-10.1
-0.79,-0.63,-10.42
-0.78,-0.66,-10.31
-0.68,-0.61,-10.35
-0.63,-0.48,-10.12
-0.64,-0.45,-10.13
-0.59,-0.19,-10.05
-0.47,0.05,-10.07
-0.54,0.06,-9.9
-0.58,-0.04,-10.11
-0.62,-0.43,-10.12
-0.75,-0.47,-10.22
-0.64,-0.54,-10.24
-0.62,-0.25,-10.08
-0.62,0.04,-10.1
-0.46,0,-9.82
-0.58,-0.06,-10.11
-0.59,-0.25,-10.11
-0.6,-0.46,-10.16
-0.75,-0.74,-10.26
-0.7,-0.56,-10.19
-0.62,-0.48,-10.03
-0.59,-0.23,-10.15
-0.54,-0.01,-10.02
-0.44,0.08,-10
-0.5,0.07,-9.83
-0.58,-0.09,-9.98
-0.64,-0.3,-10.18
-0.77,-0.59,-10.14
-0.62,-0.54,-10.07
-0.62,-0.46,-10.1
-0.55,-0.18,-10.2
-0.65,-0.29,-9.98
-0.53,-0.01,-10.06
-0.5,0.07,-10.09
-0.63,-0.35,-10.22
-0.63,-0.48,-10.08
-0.56,0.03,-10.09
-0.61,-0.24,-10.16
-0.57,-0.47,-10
-0.57,-0.01,-10.09
-0.55,-0.51,-9.89
-0.72,0.05,-10.14
-0.59,-0.2,-10.03
-0.6,-0.63,-10.09
-0.57,-0.17,-10.04
-0.52,0.04,-9.85
-0.61,-0.13,-10.1
-0.61,-0.5,-10.07
-0.56,-0.19,-9.99
-0.6,-0.04,-10.25
-0.64,-0.61,-10.13
-0.56,-0.31,-10
-0.55,0.05,-9.97
-0.7,-0.26,-9.94
-0.8,-0.47,-10.33
-0.65,-0.61,-10.25
-0.56,-0.43,-10.17
-0.52,-0.07,-9.9
-0.47,0,-9.96
-0.66,-0.08,-10.22
-0.73,-0.41,-10.17
-0.76,-0.52,-10.26
-0.6,-0.52,-10.12
-0.57,-0.21,-10.09
-0.45,0.01,-10
-0.52,0.08,-9.92
-0.65,-0.17,-10.12
-0.65,-0.33,-10.07
-0.64,-0.63,-10
-0.57,-0.53,-9.98
-0.53,-0.29,-9.96
-0.59,-0.01,-10.1
-0.68,-0.02,-10.17
-0.64,-0.38,-10.19
-0.68,-0.61,-10.21
-0.63,-0.45,-10.2
-0.54,-0.39,-10.12
-0.49,0.09,-10.01
-0.58,0.04,-9.97
-0.47,-0.16,-10.05
-0.63,-0.26,-9.9
-0.72,-0.65,-10.14
-0.68,-0.55,-10.15
-0.6,-0.52,-10.06
-0.44,-0.02,-10.06
-0.44,0.02,-9.84
-0.46,0.04,-9.82
-0.61,0,-10.08
-0.7,-0.21,-10.19
-0.65,-0.28,-10.12
-0.61,-0.35,-10.19
-0.75,-0.61,-10.46
-0.79,-0.59,-10.32
-0.71,-0.59,-10.27
-0.65,-0.54,-10.22
-0.66,-0.52,-10.18
-0.55,-0.42,-9.99
-0.55,-0.21,-10.05
-0.53,-0.28,-9.93
-0.55,-0.05,-9.98
-0.44,0.13,-9.89
-0.48,0.11,-9.88
-0.51,0.11,-9.81
-0.56,0.06,-9.97
-0.59,-0.1,-9.97
-0.6,-0.1,-9.9
-0.7,-0.32,-10.17
-0.79,-0.49,-10.26
-0.74,-0.57,-10.12
-0.6,-0.54,-10.07
-0.63,-0.44,-10.27
-0.58,-0.45,-10.12
-0.55,-0.24,-10.08
-0.43,-0.01,-9.75
-0.47,-0.04,-10.01
-0.54,0.01,-10.08
-0.57,-0.05,-10.05
-0.65,-0.19,-10.14
-0.62,-0.43,-10.19
-0.7,-0.61,-10.22
-0.75,-0.57,-10.38
-0.47,-0.56,-10.07
-0.64,-0.34,-10.21
-0.54,-0.23,-10.05
-0.55,-0.1,-10
-0.55,0.06,-9.91
-0.52,0.04,-9.99
-0.61,-0.04,-10.02
-0.64,-0.28,-9.99
-0.78,-0.45,-10.22
-0.75,-0.46,-10.34
-0.76,-0.65,-10.32
-0.69,-0.54,-10.21
-0.54,-0.49,-10.21
-0.57,-0.28,-10.15
-0.54,-0.07,-10.01
-0.47,0.02,-9.83
-0.54,0.04,-10.01
-0.58,-0.21,-10.01
-0.62,-0.18,-10.08
-0.62,-0.34,-10.22
-0.77,-0.58,-10.22
-0.79,-0.58,-10.49
-0.7,-0.59,-10.26
-0.58,-0.5,-10.07
-0.52,-0.35,-10.08
-0.51,-0.2,-10.03
-0.51,0.07,-9.96
-0.36,0.06,-9.8
-0.53,0.07,-9.88
-0.56,0.02,-9.99
-0.59,-0.1,-9.98
-0.63,-0.15,-10.08
-0.64,-0.38,-10.11
-0.69,-0.38,-10.16
-0.73,-0.33,-10.29
-0.77,-0.55,-10.33
-0.8,-0.57,-10.41
-0.74,-0.53,-10.31
-0.59,-0.54,-9.99
-0.54,-0.29,-10.01
-0.7,-0.42,-10.16
-0.68,-0.49,-10.28
-0.65,-0.52,-10.33
-0.68,-0.47,-10.17
-0.69,-0.58,-10.2
-0.69,-0.58,-10.27
-0.63,-0.57,-10.2
-0.75,-0.66,-10.24
-0.7,-0.64,-10.17
-0.72,-0.58,-10.17
-0.59,-0.42,-10.14
-0.57,-0.07,-10.05
-0.49,0.05,-9.94
-0.45,0.06,-9.98
-0.59,-0.08,-10.03
-0.62,-0.29,-10.12
-0.6,-0.59,-10.15
-0.68,-0.6,-10.11
-0.65,-0.56,-10.34
-0.53,-0.38,-9.87
-0.48,0.04,-10.05
-0.47,0.15,-9.9
-0.54,0.05,-9.85
-0.63,-0.24,-10.09
-0.66,-0.51,-10.18
-0.75,-0.63,-10
-0.65,-0.53,-10.09
-0.59,-0.37,-10.13
-0.62,-0.27,-10.12
-0.6,-0.02,-10.12
-0.46,0.09,-9.88
-0.36,0.02,-9.83
-0.48,-0.04,-10.1
-0.61,-0.16,-10.19
-0.62,-0.44,-10.15
-0.61,-0.42,-10.23
-0.57,-0.24,-9.99
-0.65,-0.29,-10.09
-0.66,-0.62,-10.38
-0.59,-0.44,-10.12
-0.61,0.09,-10.3
-0.59,-0.55,-10.01
-0.58,-0.45,-10.08
-0.52,-0.06,-10.16
-0.65,-0.41,-9.94
-0.57,-0.35,-9.98
-0.51,-0.14,-10.17
-0.52,0.1,-10.03
-0.61,-0.19,-10
-0.83,-0.35,-10.18
-0.71,-0.6,-10.17
-0.6,-0.54,-10.08
-0.54,-0.01,-9.91
-0.52,0.01,-10.07
-0.68,-0.27,-10.16
-0.58,-0.58,-10.14
-0.56,-0.22,-10.18
-0.55,0.09,-10.04
-0.66,-0.22,-10.05
-0.71,-0.45,-10.07
-0.69,-0.6,-10.26
-0.54,-0.51,-10.16
-0.54,-0.32,-10.11
-0.53,-0.05,-10.03
-0.49,0.05,-9.96
-0.63,-0.14,-9.97
-0.64,-0.33,-10.18
-0.69,-0.63,-10.18
-0.67,-0.59,-10.43
-0.56,-0.51,-10.15
-0.55,-0.21,-9.94
-0.47,0.09,-9.89
-0.54,0.02,-9.85
-0.62,-0.35,-10.09
-0.66,-0.56,-10.17
-0.74,-0.51,-10.11
-0.48,-0.15,-10.04
-0.47,0.04,-10.1
-0.51,0,-10
-0.57,-0.09,-10.07
-0.68,-0.46,-10.17
-0.74,-0.56,-10.27
-0.68,-0.64,-10.28
-0.52,-0.58,-10.07
-0.5,-0.33,-10.05
-0.52,-0.22,-9.95
-0.45,0.09,-9.98
-0.45,0.08,-9.88
-0.57,0.06,-9.83
-0.68,-0.2,-10.04
-0.67,-0.32,-10.15
-0.73,-0.49,-10.42
-0.62,-0.64,-10.18
-0.6,-0.49,-10.17
-0.53,-0.37,-10.31
-0.49,-0.04,-10.02
-0.35,0.07,-9.84
-0.46,0.03,-9.94
-0.5,-0.02,-9.88
-0.57,-0.1,-10.05
-0.51,-0.08,-9.9
-0.5,-0.21,-9.91
-0.57,-0.4,-10.17
-0.59,-0.34,-10.16
-0.68,-0.54,-10.24
-0.88,-0.65,-10.49
-0.73,-0.55,-10.37
-0.74,-0.59,-10.32
-0.63,-0.54,-10.25
-0.65,-0.51,-10.44
-0.52,-0.58,-10.17
-0.52,-0.31,-10.09
-0.5,-0.17,-10.03
-0.51,-0.01,-10
-0.54,0.07,-10.01
-0.39,0.04,-9.86
-0.47,0.02,-9.85
-0.65,-0.06,-9.84
-0.69,-0.19,-10.05
-0.67,-0.23,-10.06
-0.75,-0.56,-10.19
-0.73,-0.56,-10.17
-0.65,-0.49,-10.24
-0.55,-0.5,-10.18
-0.53,-0.32,-10.16
-0.43,-0.26,-10.12
-0.48,0.02,-10.02
-0.49,0.06,-9.85
-0.45,0.05,-10.04
-0.48,0,-10.06
-0.61,-0.22,-10.08
-0.69,-0.29,-10.15
-0.59,-0.52,-10.13
-0.76,-0.56,-10.44
-0.75,-0.6,-10.44
-0.59,-0.58,-10.22
-0.49,-0.36,-10.25
-0.5,-0.18,-10.07
-0.47,-0.07,-10
-0.44,0.06,-9.94
-0.47,0.06,-9.81
-0.58,0.03,-9.94
-0.61,-0.26,-9.92
-0.63,-0.46,-10.22
-0.71,-0.54,-9.99
-0.65,-0.56,-10.16
-0.67,-0.51,-10.19
-0.76,-0.52,-10.14
-0.57,-0.23,-10.23
-0.43,-0.05,-10
-0.45,0,-9.9
-0.43,0.1,-10.07
-0.54,0.02,-10.03
-0.49,-0.04,-9.85
-0.59,-0.08,-10.05
-0.58,-0.17,-10.21
-0.57,-0.36,-10.28
-0.69,-0.47,-10.2
-0.72,-0.57,-10.41
-0.77,-0.46,-10.35
-0.64,-0.55,-10.25
-0.63,-0.52,-10.25
-0.61,-0.51,-10.25
-0.58,-0.47,-10.16
-0.64,-0.32,-10.16
-0.57,-0.38,-10.08
-0.52,0.03,-10.03
-0.49,-0.15,-10.13
-0.6,-0.36,-10.25
-0.74,-0.55,-10.32
-0.7,-0.61,-10.29
-0.72,-0.6,-10.24
-0.75,-0.61,-10.31
-0.68,-0.56,-10.22
-0.62,-0.47,-10.07
-0.61,-0.44,-10.01
-0.56,-0.15,-10.01
-0.53,0.08,-10.09
-0.48,0.1,-10.01
-0.53,0.1,-10.03
-0.59,-0.14,-10
-0.57,-0.38,-10.18
-0.7,-0.63,-10.2
-0.65,-0.59,-10.13
-0.62,-0.4,-9.98
-0.6,-0.07,-10.15
-0.38,0.08,-9.83
-0.46,0.08,-9.85
-0.52,-0.07,-10.07
-0.56,-0.3,-10.13
-0.6,-0.41,-10.26
-0.72,-0.63,-10.29
-0.66,-0.55,-10.28
-0.63,-0.42,-10.18
-0.56,-0.3,-10.11
-0.44,0.14,-10.18
-0.42,0.08,-9.8
-0.44,0.02,-9.82
-0.72,-0.05,-10.17
-0.77,-0.53,-10.34
-0.78,-0.57,-10.34
-0.68,-0.58,-10.41
-0.7,-0.44,-10.37
-0.67,-0.39,-10.37
-0.55,-0.4,-10.16
-0.47,-0.26,-10.07
-0.47,0.06,-10
-0.55,-0.07,-10.02
-0.67,-0.53,-10.15
-0.54,-0.43,-10.21
-0.55,-0.1,-10.06
-0.66,-0.96,-11.19
-0.49,-0.06,-10.48
-0.55,-0.23,-10.14
-0.52,-0.36,-10.33
-0.57,-0.18,-10.1
-0.55,-0.64,-9.97
-0.57,-0.04,-10.06
-0.6,-0.21,-10.22
-0.62,-0.57,-10.4
-0.48,-0.53,-10.14
-0.44,-0.08,-9.93
-0.4,0.01,-9.98
-0.47,0.1,-10.15
-0.63,-0.31,-10.18
-0.69,-0.57,-10.13
-0.49,-0.56,-10.1
-0.39,-0.06,-10.14
-0.39,0.05,-9.92
-0.43,0.13,-10.11
-0.6,-0.5,-10.08
-0.7,-0.48,-10.39
-0.56,-0.55,-10.15
-0.42,-0.16,-10.17
-0.38,0.05,-9.99
-0.48,0.05,-9.96
-0.53,-0.31,-10.07
-0.66,-0.57,-10.25
-0.56,-0.56,-10.03
-0.43,-0.11,-10.02
-0.42,-0.01,-9.95
-0.47,0.04,-9.96
-0.56,-0.24,-10.11
-0.67,-0.45,-10.35
-0.72,-0.74,-10.39
-0.5,-0.5,-10.21
-0.43,-0.21,-10.09
-0.4,-0.12,-10.01
-0.42,0.07,-10.07
-0.51,-0.03,-9.89
-0.48,-0.16,-9.95
-0.57,-0.43,-10.23
-0.58,-0.6,-10.2
-0.65,-0.52,-10.13
-0.5,-0.48,-10.2
-0.41,-0.22,-10.14
-0.37,-0.12,-9.88
-0.43,0.1,-10.15
-0.38,0.03,-9.81
-0.43,0.13,-9.93
-0.45,-0.03,-10.06
-0.52,-0.16,-10.13
-0.58,-0.31,-10.17
-0.56,-0.41,-10.09
-0.65,-0.49,-10.32
-0.73,-0.57,-10.35
-0.63,-0.54,-10.27
-0.59,-0.47,-10.34
-0.57,-0.53,-10.27
-0.57,-0.56,-10.17
-0.41,-0.5,-10.1
-0.47,-0.39,-10.31
-0.49,-0.32,-10.2
-0.38,-0.08,-9.99
-0.36,0.02,-9.91
-0.35,0.03,-9.95
-0.44,0.18,-9.99
-0.46,-0.03,-9.94
-0.55,-0.01,-10
-0.56,-0.46,-10.13
-0.61,-0.57,-10.14
-0.61,-0.54,-10.25
-0.52,-0.39,-10.06
-0.39,0.03,-10.08
-0.33,-0.01,-9.93
-0.48,0.05,-9.87
-0.48,0,-10.04
-0.49,-0.1,-10.06
-0.54,-0.28,-10.17
-0.69,-0.52,-10.23
-0.7,-0.61,-10.51
-0.65,-0.56,-10.32
-0.49,-0.58,-10.19
-0.38,-0.37,-10.22
-0.43,-0.18,-10.09
-0.44,0.11,-9.99
-0.41,0.05,-9.82
-0.44,0.12,-9.97
-0.55,-0.21,-9.96
-0.63,-0.5,-10.03
-0.49,-0.47,-10.1
-0.59,-0.62,-10.28
-0.6,-0.58,-10.06
-0.56,-0.49,-10.23
-0.49,-0.43,-10.21
-0.38,-0.05,-9.96
-0.4,0.01,-9.98
-0.36,0.06,-10.02
-0.5,0.14,-10.09
-0.42,-0.04,-10.02
-0.5,-0.09,-9.98
-0.47,-0.38,-10.14
-0.67,-0.48,-10.21
-0.63,-0.51,-10.29
-0.6,-0.61,-10.31
-0.61,-0.59,-10.35
-0.5,-0.51,-10.11
-0.5,-0.3,-10.23
-0.4,-0.22,-10.04
-0.45,-0.17,-10.02
-0.33,0.06,-9.98
-0.4,0.03,-9.81
-0.41,0.07,-10.1
-0.46,0.09,-9.88
-0.56,-0.14,-9.94
-0.55,-0.21,-9.98
-0.57,-0.46,-10.21
-0.65,-0.61,-10.31
-0.62,-0.54,-10.18
-0.55,-0.48,-10.18
-0.41,-0.26,-10.13
-0.38,-0.05,-10.1
-0.41,0.07,-10.03
-0.45,0.07,-9.96
-0.42,-0.13,-9.92
-0.51,-0.31,-10.14
-0.7,-0.61,-10.36
-0.61,-0.55,-10.29
-0.57,-0.43,-10.1
-0.52,-0.48,-10.1
-0.46,-0.28,-10.11
-0.48,-0.24,-10.22
-0.57,-0.32,-10.22
-0.53,-0.52,-10.2
-0.59,-0.53,-10.16
-0.64,-0.72,-10.23
-0.61,-0.76,-10.33
-0.61,-0.54,-10.42
-0.54,-0.37,-10.18
-0.43,-0.05,-9.99
-0.37,0.13,-10.09
-0.38,0.09,-10.05
-0.52,-0.14,-9.99
-0.5,-0.17,-9.99
-0.58,-0.6,-10.24
-0.67,-0.63,-10.22
-0.56,-0.58,-10.2
-0.55,-0.38,-10.04
-0.43,0.02,-10.18
-0.36,0.12,-9.93
-0.39,0.05,-10.05
-0.58,-0.28,-10.17
-0.53,-0.51,-10.25
-0.61,-0.6,-10.13
-0.6,-0.62,-10.37
-0.56,-0.55,-10.22
-0.55,-0.41,-10.14
-0.47,-0.06,-10.02
-0.42,0.09,-10.14
-0.4,0.14,-10.05
-0.45,0.07,-10.03
-0.5,-0.1,-10
-0.53,-0.12,-9.98
-0.39,-0.06,-10.09
-0.51,0,-9.99
-0.57,-0.16,-10.02
-0.61,-0.6,-10.07
-0.43,-0.34,-9.99
-0.43,0.12,-10.18
-0.47,-0.51,-9.99
-0.43,-0.08,-10.11
-0.46,-0.61,-9.99
-0.49,0.06,-10.27
-0.55,-0.58,-10.25
-0.52,-0.46,-10.23
-0.53,0.06,-10.12
-0.59,-0.01,-10.12
-0.61,-0.37,-10.17
-0.51,-0.56,-10.03
-0.45,-0.01,-10.24
-0.54,-0.08,-10.12
-0.66,-0.56,-10.19
-0.55,-0.46,-10.14
-0.37,0.02,-10.15
-0.49,0.12,-10.13
-0.64,-0.42,-10.02
-0.59,-0.57,-10.17
-0.57,-0.57,-10.11
-0.44,-0.38,-10.09
-0.43,-0.08,-9.86
-0.48,0.08,-9.64
-0.58,-0.2,-10.15
-0.39,-0.37,-10.34
-0.44,-0.5,-10.17
-0.57,-0.36,-10.03
-0.42,-0.01,-10.09
-0.48,-0.27,-10.33
-0.52,-0.37,-9.89
-0.5,-0.29,-9.92
-0.43,-0.18,-10.38
-0.45,-0.28,-10.03
-0.52,-0.29,-10.07
-0.5,-0.35,-10.06
-0.52,-0.27,-10.1
-0.45,-0.34,-10.06
-0.52,-0.35,-10.08
-0.44,-0.27,-10.1
-0.45,-0.36,-9.98
-0.44,-0.29,-10.09
-0.52,-0.33,-10.18
-0.52,-0.22,-10.08
-0.46,-0.35,-10.09
-0.48,-0.2,-10.04
-0.64,-0.28,-10.02
-0.51,-0.24,-10.07
-0.42,-0.29,-10.08
-0.53,-0.29,-10.09
-0.56,-0.26,-10.14
-0.5,-0.25,-10.13
-0.53,-0.23,-10.1
-0.52,-0.26,-10.12
-0.48,-0.27,-10.09
-0.51,-0.24,-10.2
-0.48,-0.24,-10.1
-0.53,-0.27,-10.08
-0.51,-0.27,-10.05
-0.49,-0.29,-10
-0.53,-0.23,-10.11
-0.54,-0.28,-10.15
-0.51,-0.31,-10.04
-0.52,-0.26,-10.12
-0.52,-0.29,-10.08
-0.49,-0.22,-10.19
-0.51,-0.26,-10.09
-0.53,-0.26,-10.1
-0.52,-0.24,-10.16
-0.53,-0.26,-10.1
-0.48,-0.23,-10.08
-0.51,-0.28,-10.08
-0.54,-0.27,-10.13
-0.51,-0.29,-10.08
-0.5,-0.26,-10.14
-0.53,-0.22,-10.17
-0.5,-0.25,-10.09
-0.53,-0.27,-10.1
-0.53,-0.25,-10.18
-0.52,-0.23,-10.1
-0.52,-0.27,-10.16
-0.49,-0.25,-9.98
-0.52,-0.26,-10.1
-0.47,-0.19,-10.02
-0.49,-0.26,-10.09
-0.49,-0.19,-9.98
-0.54,-0.29,-10.15
-0.5,-0.28,-10.01
-0.54,-0.27,-10.08
-0.48,-0.24,-10.18
-0.48,-0.26,-10.1
-0.54,-0.2,-10.12
-0.47,-0.3,-10.05
-0.53,-0.25,-10.23
-0.54,-0.26,-10.07
-0.53,-0.25,-10.11
-0.47,-0.26,-10.08
-0.43,-0.25,-10.17
-0.54,-0.27,-10.14
-0.52,-0.26,-10.15
-0.52,-0.25,-10.1
-0.43,-0.28,-10.21
-0.52,-0.26,-10.08
-0.51,-0.28,-10.15
-0.51,-0.26,-10.06
-0.47,-0.28,-10.25
-0.46,-0.28,-10.01
-0.53,-0.23,-10.14
-0.52,-0.25,-10.18
-0.52,-0.28,-10.08
-0.52,-0.26,-10.01
-0.52,-0.28,-10.09
-0.54,-0.26,-9.97
-0.54,-0.3,-10.25
-0.55,-0.21,-10.15
-0.47,-0.23,-9.99
-0.48,-0.24,-10.05
-0.52,-0.26,-10.11
-0.5,-0.3,-10.03
-0.56,-0.3,-10.14
-0.46,-0.25,-10
-0.49,-0.25,-10.19
-0.52,-0.23,-10.19
-0.52,-0.24,-10.1
-0.55,-0.26,-10.13
-0.51,-0.26,-10.13
-0.49,-0.27,-10.06
-0.5,-0.21,-10.02
-0.53,-0.27,-9.95
-0.51,-0.22,-10.07
-0.56,-0.27,-10.17
-0.48,-0.25,-10.1
-0.49,-0.25,-10.1
-0.52,-0.26,-10.11
-0.5,-0.26,-10.1
-0.56,-0.25,-10.15
-0.47,-0.27,-10.05
-0.51,-0.23,-10.18
-0.51,-0.28,-10.13
-0.49,-0.29,-10.09
-0.48,-0.27,-10.04
-0.48,-0.24,-10.13
-0.54,-0.26,-10.14
-0.49,-0.28,-10.11
-0.52,-0.27,-10.02
-0.45,-0.2,-10.17
-0.47,-0.29,-10.04
-0.57,-0.28,-10.06
-0.5,-0.27,-10.24
-0.52,-0.27,-10.11
-0.49,-0.27,-10.12
-0.49,-0.19,-10.13
-0.51,-0.17,-10.27
-0.52,-0.27,-10.15
-0.49,-0.27,-10.12
-0.5,-0.23,-10.04
-0.55,-0.29,-10.11
-0.51,-0.29,-10.03
-0.52,-0.25,-10.19
-0.55,-0.26,-10.11
-0.52,-0.25,-10.09
-0.53,-0.23,-10.09
-0.55,-0.22,-10.15
-0.56,-0.26,-10.09
-0.48,-0.21,-10.09
-0.54,-0.22,-10.12
-0.56,-0.25,-10.13
-0.47,-0.22,-10.04
-0.51,-0.29,-10.15
-0.5,-0.26,-10.02
-0.53,-0.28,-10.04
-0.55,-0.27,-10.07
-0.51,-0.25,-10.1
-0.56,-0.24,-10.18
-0.51,-0.24,-10.12
-0.48,-0.27,-10.05
-0.51,-0.26,-10.09
-0.51,-0.27,-10.09
-0.52,-0.23,-10.1
-0.53,-0.26,-10.19
-0.5,-0.21,-10.03
-0.54,-0.2,-10.14
-0.52,-0.25,-10.05
-0.53,-0.26,-10.13
-0.5,-0.28,-10.11
-0.55,-0.25,-10.15
-0.49,-0.27,-10.23
-0.45,-0.26,-10.03
-0.5,-0.25,-10.13
-0.48,-0.23,-10.05
-0.51,-0.31,-10.15
-0.53,-0.24,-10.12
-0.51,-0.28,-10.1
-0.56,-0.25,-10.17
-0.46,-0.26,-10.03
-0.49,-0.26,-9.97
-0.52,-0.22,-10.11
-0.48,-0.25,-10.1
-0.49,-0.25,-10.12
-0.51,-0.29,-10.03
-0.49,-0.28,-10.06
-0.47,-0.27,-10.09
-0.51,-0.24,-10.08
-0.53,-0.24,-10.14
-0.57,-0.26,-10.09
-0.52,-0.3,-9.97
-0.51,-0.26,-10.15
-0.48,-0.25,-10.12
-0.53,-0.25,-10.14
-0.53,-0.28,-10.13
-0.53,-0.25,-10.11
-0.51,-0.24,-10.08
-0.48,-0.26,-10.05
-0.61,-0.24,-10.04
-0.5,-0.26,-10.02
-0.5,-0.25,-10.11
-0.49,-0.28,-10.15
-0.49,-0.25,-10.13
-0.49,-0.25,-10.03
-0.53,-0.25,-10.08
-0.52,-0.28,-10.13
-0.49,-0.28,-10.17
-0.54,-0.27,-10.05
-0.5,-0.26,-10.16
-0.5,-0.29,-10.08
-0.52,-0.28,-10.17
-0.49,-0.26,-10.07
-0.56,-0.26,-10.12
-0.49,-0.24,-10.05
-0.49,-0.27,-10.09
-0.49,-0.28,-10.11
-0.52,-0.25,-10.1
-0.52,-0.27,-10.11
-0.45,-0.25,-10.11
-0.49,-0.23,-10.06
-0.48,-0.26,-10.07
-0.43,-0.22,-10.17
-0.46,-0.25,-10.07
-0.49,-0.23,-10.13
-0.51,-0.24,-10.11
-0.55,-0.24,-10.25
-0.51,-0.28,-10.09
-0.54,-0.23,-10.17
-0.55,-0.26,-10.09
-0.52,-0.29,-10.03
-0.55,-0.43,-10.08
-0.5,-0.24,-10.1
-0.49,-0.26,-10.17
-0.56,-0.27,-10.15
-0.49,-0.26,-10.12
-0.5,-0.26,-10.03
-0.48,-0.22,-10.13
-0.55,-0.25,-10.11
-0.48,-0.25,-9.94
-0.48,-0.25,-10.05
-0.5,-0.24,-10.12
-0.53,-0.23,-10.09
-0.46,-0.22,-10.09
-0.51,-0.28,-10.12
-0.43,-0.24,-10.05
-0.54,-0.24,-10.18
-0.48,-0.27,-10.19
-0.51,-0.25,-10.18
-0.5,-0.3,-10.03
-0.48,-0.26,-10.17
-0.52,-0.25,-10.19
-0.47,-0.24,-10.05
-0.49,-0.26,-10.21
-0.49,-0.28,-10.14
-0.47,-0.25,-10.1
-0.51,-0.24,-10.12
-0.52,-0.31,-10.13
-0.52,-0.27,-10.06
-0.49,-0.27,-10.15
-0.55,-0.25,-10.13
-0.5,-0.29,-10.04
-0.48,-0.26,-10.18
-0.51,-0.26,-10.12
-0.49,-0.27,-10.05
-0.5,-0.28,-10.08
-0.48,-0.29,-10.15
-0.48,-0.29,-10.13
-0.52,-0.26,-10.14
-0.51,-0.26,-10.11
-0.52,-0.29,-10.09
-0.52,-0.26,-10.12
-0.52,-0.26,-10.16
-0.5,-0.25,-10.09
-0.49,-0.29,-10.18
-0.53,-0.21,-10.17
-0.46,-0.28,-10.13
-0.48,-0.27,-10.2
-0.53,-0.21,-10.08
-0.53,-0.27,-10.2
-0.53,-0.25,-10.14
-0.54,-0.25,-10.08
-0.5,-0.24,-10.09
-0.54,-0.25,-10.14
-0.5,-0.26,-10.14
-0.54,-0.22,-10.1
-0.48,-0.29,-10.07
-0.54,-0.27,-10.07
-0.49,-0.27,-10.07
-0.53,-0.2,-10.04
-0.51,-0.26,-10.03
-0.48,-0.25,-10.14
-0.51,-0.21,-10.12
-0.5,-0.27,-10.11
-0.47,-0.23,-10.14
-0.53,-0.27,-10.09
-0.5,-0.26,-10.1
-0.52,-0.3,-10.07
-0.47,-0.25,-10.08
-0.5,-0.24,-10.07
-0.54,-0.25,-10.09
-0.5,-0.25,-10.02
-0.53,-0.25,-10.15
-0.49,-0.25,-10.19
-0.52,-0.23,-9.99
-0.46,-0.27,-9.99
-0.49,-0.27,-10.08
-0.52,-0.25,-10.08
-0.49,-0.29,-10.12
-0.53,-0.27,-10.14
-0.49,-0.24,-10.1
-0.49,-0.23,-10.05
-0.45,-0.28,-10.2
-0.53,-0.23,-10.14
-0.48,-0.26,-10.13
-0.5,-0.25,-10.09
-0.49,-0.26,-10.09
-0.55,-0.25,-10.19
-0.48,-0.28,-10.04
-0.56,-0.27,-10.17
-0.44,-0.25,-10.09
-0.51,-0.25,-10.04
-0.51,-0.25,-10.05
-0.51,-0.25,-10.1
-0.5,-0.27,-10.09
-0.48,-0.28,-10.24
-0.51,-0.23,-10.04
-0.53,-0.29,-10.13
-0.5,-0.27,-10.19
-0.48,-0.26,-10.16
-0.54,-0.21,-10.13
-0.5,-0.27,-10.04
-0.46,-0.25,-10.12
-0.52,-0.26,-10.17
-0.5,-0.24,-10.05
-0.51,-0.28,-10.07
-0.48,-0.26,-10.09
-0.52,-0.28,-10.14
-0.5,-0.24,-10.13
-0.49,-0.26,-10.1
-0.51,-0.24,-10.04
-0.54,-0.26,-10.15
-0.46,-0.26,-10.11
-0.53,-0.26,-10.23
-0.49,-0.25,-10.1
-0.51,-0.3,-10.14
-0.44,-0.27,-10.1
-0.53,-0.25,-10.13
-0.53,-0.27,-10.07
-0.54,-0.28,-10.09
-0.49,-0.28,-10.14
-0.51,-0.28,-10.02
-0.5,-0.28,-10.19
-0.48,-0.23,-10.07
-0.54,-0.26,-10.19
-0.53,-0.31,-10.18
-0.53,-0.23,-10.11
-0.52,-0.25,-10.03
-0.49,-0.26,-10.07
-0.52,-0.25,-10.11
-0.46,-0.24,-10.11
-0.45,-0.27,-10.08
-0.52,-0.25,-10.16
-0.53,-0.25,-10.15
-0.5,-0.24,-10.14
-0.52,-0.27,-10.1
-0.54,-0.25,-10.11
-0.43,-0.25,-10.14
-0.53,-0.26,-10.2
-0.47,-0.26,-10.11
-0.51,-0.26,-10.07
-0.5,-0.25,-10.05
-0.48,-0.24,-10.13
-0.51,-0.27,-10.13
-0.51,-0.25,-10.16
-0.46,-0.25,-10.11
-0.47,-0.25,-10.07
-0.54,-0.25,-10.17
-0.47,-0.27,-10.09
-0.48,-0.27,-10.17
-0.52,-0.25,-10.12
-0.5,-0.27,-10.14
-0.53,-0.26,-10.11
-0.51,-0.27,-10.14
-0.48,-0.24,-10.09
-0.54,-0.25,-10.19
-0.52,-0.24,-10.03
-0.54,-0.26,-10.11
-0.49,-0.26,-10.07
-0.51,-0.25,-10.11
-0.47,-0.26,-10.08
-0.52,-0.27,-10.08
-0.47,-0.28,-10.12
-0.47,-0.27,-10.07
-0.56,-0.27,-10.18
-0.5,-0.25,-10.15
-0.51,-0.29,-10.07
-0.53,-0.26,-10.11
-0.53,-0.25,-10.16
-0.53,-0.23,-10.12
-0.51,-0.26,-10.12
-0.5,-0.28,-10.02
-0.47,-0.26,-10.1
-0.54,-0.25,-10.08
-0.48,-0.25,-10.12
-0.56,-0.24,-10.16
-0.53,-0.27,-10.1
-0.51,-0.27,-9.96
-0.51,-0.25,-10.11
-0.49,-0.25,-10.13
-0.48,-0.25,-10.04
-0.52,-0.27,-10.19
-0.49,-0.23,-10.09
-0.49,-0.26,-10.09
-0.51,-0.25,-10.07
-0.53,-0.26,-10.15
-0.55,-0.24,-10.15
-0.49,-0.27,-9.99
-0.51,-0.26,-10.02
-0.5,-0.26,-10.04
-0.51,-0.24,-10.14
-0.33,-0.28,-10.14
-0.49,-0.24,-10.06
-0.49,-0.27,-10.17
-0.5,-0.25,-10.06
-0.5,-0.25,-10.05
-0.47,-0.26,-10.02
-0.49,-0.23,-10.14
-0.48,-0.29,-10.09
-0.56,-0.2,-10.09
-0.54,-0.27,-10.02
-0.49,-0.29,-9.99
-0.53,-0.23,-10.16
-0.5,-0.28,-10.14
-0.47,-0.22,-9.96
-0.55,-0.25,-10.34
-0.5,-0.22,-10.04
-0.52,-0.24,-10.23
-0.52,-0.25,-10.23
-0.53,-0.26,-10.15
-0.57,-0.26,-10.05
-0.48,-0.21,-10.02
-0.45,-0.22,-9.97
-0.5,-0.27,-10.05
-0.48,-0.24,-10.07
-0.51,-0.24,-10.26
-0.52,-0.27,-10.12
-0.52,-0.28,-10.03
-0.58,-0.27,-10.13
-0.48,-0.29,-10.12
-0.51,-0.29,-10.07
-0.49,-0.26,-10.05
-0.53,-0.25,-10.12
-0.49,-0.24,-10.03
-0.52,-0.29,-10.15
-0.49,-0.23,-10.08
-0.53,-0.27,-10.15
-0.55,-0.27,-10.15
-0.47,-0.24,-10.04
-0.49,-0.25,-10.06
-0.47,-0.26,-10.08
-0.53,-0.23,-10.16
-0.48,-0.26,-10.11
-0.52,-0.29,-10.16
-0.49,-0.26,-10.09
-0.52,-0.29,-10.09
-0.51,-0.23,-10.1
-0.52,-0.26,-10.16
-0.5,-0.25,-10.13
-0.52,-0.3,-10.14
-0.46,-0.27,-10.12
-0.52,-0.23,-10
-0.45,-0.22,-10.09
-0.5,-0.25,-10.05
-0.53,-0.28,-10.09
-0.51,-0.29,-10.07
-0.45,-0.26,-9.94
-0.52,-0.27,-10.11
-0.52,-0.22,-10.25
-0.49,-0.26,-10.08
-0.55,-0.24,-10.21
-0.48,-0.22,-10.15
-0.5,-0.26,-10.06
-0.51,-0.24,-10.05
-0.53,-0.28,-10.13
-0.52,-0.21,-10.17
-0.47,-0.26,-9.97
-0.47,-0.24,-10.1
-0.51,-0.27,-10.07
-0.47,-0.26,-10.08
-0.54,-0.24,-10.09
-0.49,-0.25,-10
-0.5,-0.25,-10.15
-0.49,-0.26,-10.07
-0.53,-0.23,-10.07
-0.53,-0.28,-10.12
-0.54,-0.24,-10.03
-0.5,-0.24,-10.09
-0.43,-0.26,-9.97
-0.54,-0.27,-10.25
-0.49,-0.25,-10.09
-0.5,-0.3,-10.1
-0.51,-0.23,-10.1
-0.49,-0.26,-10.03
-0.5,-0.23,-10.11
-0.47,-0.27,-10.12
-0.5,-0.25,-10.09
-0.51,-0.25,-10.06
-0.46,-0.24,-10.07
-0.52,-0.24,-10.03
-0.52,-0.25,-10.11
-0.56,-0.24,-10.15
-0.46,-0.26,-10.07
-0.56,-0.26,-10.23
-0.47,-0.26,-10.17
-0.48,-0.23,-10.1
-0.5,-0.25,-10.12
-0.5,-0.24,-10.11
-0.53,-0.28,-10.1
-0.49,-0.25,-10.1
-0.51,-0.29,-10.05
-0.53,-0.28,-10.12
-0.47,-0.25,-10.1
-0.51,-0.19,-10.07
-0.51,-0.24,-10.08
-0.5,-0.26,-10.02
-0.5,-0.29,-10.06
-0.53,-0.24,-10
-0.5,-0.25,-10.13
-0.49,-0.26,-10.08
-0.45,-0.25,-10.03
-0.49,-0.25,-10.07
-0.53,-0.26,-10.16
-0.49,-0.2,-10.04
-0.5,-0.26,-10.1
-0.52,-0.27,-10.05
-0.49,-0.23,-10.01
-0.54,-0.27,-10.07
-0.48,-0.23,-10.12
-0.49,-0.26,-10
-0.54,-0.23,-10.08
-0.54,-0.28,-10.08
-0.49,-0.26,-10.02
-0.48,-0.26,-10.12
-0.49,-0.23,-10.07
-0.51,-0.22,-10.16
-0.48,-0.25,-10.12
-0.47,-0.27,-10.07
-0.48,-0.29,-10.11
-0.48,-0.19,-10.15
-0.46,-0.28,-9.96
-0.51,-0.25,-10.13
-0.49,-0.24,-10.12
-0.47,-0.27,-10.02
-0.51,-0.24,-10.18
-0.51,-0.24,-10.21
-0.44,-0.24,-10.09
-0.5,-0.22,-10.02
-0.49,-0.28,-10.14
-0.47,-0.28,-10.05
-0.51,-0.27,-10.13
-0.49,-0.24,-10.15
-0.48,-0.28,-10.09
-0.47,-0.21,-10.15
-0.48,-0.28,-10.19
-0.5,-0.22,-10.04
-0.54,-0.25,-10.21
-0.46,-0.27,-10.13
-0.49,-0.28,-10.17
-0.47,-0.25,-10.11
-0.47,-0.27,-10.12
-0.45,-0.22,-10.07
-0.47,-0.25,-10.14
-0.5,-0.23,-10.13
-0.52,-0.28,-10.14
-0.51,-0.31,-10.15
-0.47,-0.25,-10.08
-0.5,-0.27,-10.08
-0.5,-0.25,-10.07
-0.5,-0.25,-10.08
-0.5,-0.24,-10.11
-0.51,-0.24,-10.24
-0.5,-0.25,-10.06
-0.5,-0.25,-10.1
-0.48,-0.25,-10.2
-0.49,-0.28,-10.16
-0.51,-0.27,-10.09
-0.51,-0.23,-10.08
-0.51,-0.26,-10.18
-0.52,-0.22,-10.1
-0.57,-0.24,-10.19
-0.51,-0.25,-10.05
-0.47,-0.25,-10.06
-0.53,-0.24,-10.12
-0.5,-0.22,-10.08
-0.54,-0.26,-10.1
-0.47,-0.25,-10.04
-0.5,-0.26,-10.01
-0.53,-0.27,-10.09
-0.52,-0.23,-10.1
-0.49,-0.24,-10.07
-0.47,-0.26,-10.06
-0.5,-0.24,-10.11
-0.5,-0.27,-10.1
-0.48,-0.27,-10.14
-0.48,-0.28,-10.03
-0.54,-0.26,-10.18
-0.49,-0.24,-10.03
-0.51,-0.24,-10.15
-0.54,-0.24,-10.12
-0.49,-0.29,-10.1
-0.52,-0.27,-10.24
-0.5,-0.23,-10.1
-0.48,-0.26,-10.08
-0.51,-0.22,-9.99
-0.51,-0.22,-10.14
-0.48,-0.27,-10.01
-0.51,-0.26,-10.13
-0.48,-0.28,-10.19
-0.49,-0.27,-10.06
-0.48,-0.25,-10.05
-0.52,-0.28,-10.07
-0.49,-0.27,-10.17
-0.46,-0.26,-10.15
-0.48,-0.24,-9.96
-0.58,-0.25,-10.07
-0.45,-0.25,-10.01
-0.53,-0.26,-10.12
-0.5,-0.24,-10.09
-0.51,-0.26,-10.17
-0.52,-0.25,-10.23
-0.47,-0.27,-10.01
-0.51,-0.24,-10.09
-0.44,-0.25,-10.1
-0.52,-0.28,-10.23
-0.54,-0.25,-10.11
-0.47,-0.25,-10.08
-0.5,-0.24,-9.97
-0.5,-0.28,-10.07
-0.5,-0.24,-10.03
-0.52,-0.25,-10.22
-0.49,-0.24,-10.2
-0.45,-0.25,-10.08
-0.5,-0.26,-10.03
-0.5,-0.23,-10.07
-0.5,-0.23,-10.07
-0.48,-0.26,-10.18
-0.48,-0.25,-10.16
-0.5,-0.27,-10.11
-0.56,-0.27,-10.18
-0.49,-0.28,-10.08
-0.48,-0.28,-10.09
-0.53,-0.26,-10.07
-0.46,-0.29,-10.11
-0.47,-0.23,-10.11
-0.5,-0.26,-10.13
-0.49,-0.25,-10.1
-0.5,-0.23,-10.06
-0.48,-0.25,-10.15
-0.49,-0.29,-10.06
-0.6,-0.27,-10.05
-0.46,-0.22,-9.98
-0.52,-0.25,-10.14
-0.53,-0.24,-10.14
-0.47,-0.24,-10.08
-0.5,-0.28,-10.09
-0.5,-0.26,-10.09
-0.57,-0.28,-10.08
-0.54,-0.27,-10.15
-0.5,-0.24,-10.16
-0.51,-0.19,-10.12
-0.5,-0.26,-10.2
-0.49,-0.3,-10.13
-0.51,-0.28,-10.13
-0.52,-0.21,-10.09
-0.49,-0.24,-10.04
-0.52,-0.22,-10.15
-0.52,-0.19,-10.02
-0.5,-0.23,-10.15
-0.52,-0.23,-10.07
-0.47,-0.24,-10.09
-0.48,-0.3,-10
-0.5,-0.27,-10.08
-0.53,-0.27,-10.11
-0.47,-0.28,-10.19
-0.46,-0.25,-9.99
-0.53,-0.25,-10.22
-0.48,-0.26,-10.18
-0.47,-0.26,-10.03
-0.55,-0.26,-10.23
-0.51,-0.31,-10.07
-0.47,-0.21,-10.17
-0.47,-0.22,-10
-0.48,-0.23,-10.1
-0.48,-0.26,-9.92
-0.52,-0.24,-10.14
-0.55,-0.26,-10.09
-0.48,-0.26,-10.13
-0.46,-0.26,-10.03
-0.49,-0.24,-10.19
-0.46,-0.26,-10.08
-0.5,-0.27,-10.14
-0.57,-0.27,-10.18
-0.51,-0.23,-10.05
-0.55,-0.22,-10.06
-0.51,-0.27,-10.11
-0.51,-0.27,-10.12
-0.51,-0.26,-10.11
-0.5,-0.26,-10.1
-0.48,-0.3,-10.01
-0.54,-0.28,-10.13
-0.54,-0.23,-10.13
-0.48,-0.24,-10.13
-0.49,-0.26,-10.1
-0.52,-0.25,-10.13
-0.48,-0.22,-10.11
-0.48,-0.24,-10.06
-0.51,-0.24,-10.06
-0.49,-0.25,-10.13
-0.51,-0.2,-10.23
-0.47,-0.25,-10.2
-0.51,-0.27,-10.12
-0.51,-0.22,-10.09
-0.46,-0.23,-10.04
-0.53,-0.18,-10.18
-0.46,-0.32,-10.06
-0.59,-0.2,-10.16
-0.46,-0.26,-10.05
-0.53,-0.27,-10.11
-0.51,-0.25,-10.11
-0.55,-0.25,-10.13
-0.5,-0.28,-10.02
-0.5,-0.24,-10.13
-0.5,-0.27,-10.21
-0.48,-0.25,-10.12
-0.49,-0.25,-10.14
-0.55,-0.26,-10.14
-0.5,-0.28,-10.05
-0.55,-0.26,-9.95
-0.5,-0.27,-10.2
-0.5,-0.25,-10.07
-0.47,-0.28,-10.12
-0.47,-0.22,-10.08
-0.52,-0.24,-10.09
-0.51,-0.26,-10.05
-0.61,-0.23,-10.13
-0.5,-0.21,-10.25
-0.5,-0.25,-10.12
-0.48,-0.27,-10.09
-0.55,-0.21,-10.12
-0.5,-0.27,-10.01
-0.52,-0.26,-10.12
-0.47,-0.25,-10.06
-0.47,-0.26,-10.07
-0.49,-0.24,-10.19
-0.47,-0.25,-10.12
-0.5,-0.26,-10.18
-0.48,-0.24,-10.15
-0.47,-0.28,-10.15
-0.5,-0.25,-10.06
-0.46,-0.29,-10.09
-0.52,-0.22,-10.17
-0.46,-0.26,-10.05
-0.48,-0.28,-10
-0.51,-0.24,-10.13
-0.51,-0.28,-10.19
-0.51,-0.27,-10.14
-0.51,-0.25,-10
-0.51,-0.27,-10.13
-0.49,-0.26,-10.01
-0.46,-0.26,-10.09
-0.49,-0.24,-10.1
-0.5,-0.24,-10.05
-0.54,-0.22,-10.15
-0.49,-0.28,-10.09
-0.52,-0.25,-10.06
-0.55,-0.26,-10.1
-0.46,-0.26,-10.15
-0.47,-0.28,-10.11
-0.5,-0.25,-10.16
-0.52,-0.21,-10.05
-0.5,-0.27,-10.12
-0.49,-0.26,-10.04
-0.5,-0.27,-10.08
-0.5,-0.24,-10.09
-0.44,-0.26,-10.09
-0.49,-0.26,-10.12
-0.54,-0.24,-10.2
-0.46,-0.27,-10.08
-0.49,-0.26,-10.06
-0.52,-0.21,-10.1
-0.49,-0.24,-10.11
-0.49,-0.24,-10.17
-0.5,-0.23,-10.07
-0.5,-0.25,-10.07
-0.54,-0.26,-10.13
-0.53,-0.26,-10.12
-0.52,-0.26,-10.12
-0.48,-0.25,-10.19
-0.46,-0.24,-10.04
-0.53,-0.26,-10.19
-0.49,-0.26,-10.07
-0.46,-0.23,-10.06
-0.49,-0.23,-10.12
-0.43,-0.24,-10.06
-0.51,-0.25,-10.21
-0.52,-0.29,-10.12
-0.5,-0.26,-10.12
-0.47,-0.26,-10.15
-0.49,-0.24,-10.03
-0.49,-0.24,-10.09
-0.47,-0.25,-10.02
-0.49,-0.24,-10.13
-0.54,-0.25,-10.14
-0.53,-0.26,-10.18
-0.51,-0.27,-10.12
-0.51,-0.28,-10.08
-0.46,-0.22,-10.14
-0.5,-0.22,-10.16
-0.52,-0.25,-10.05
-0.53,-0.26,-10.19
-0.49,-0.27,-10.03
-0.48,-0.26,-10.11
-0.52,-0.24,-10.2
-0.46,-0.26,-10.05
-0.46,-0.27,-10.11
-0.51,-0.25,-10.05
-0.51,-0.25,-10.08
-0.47,-0.24,-10.07
-0.54,-0.23,-10.11
-0.49,-0.26,-10.08
-0.51,-0.25,-10.09
-0.49,-0.24,-10.21
-0.53,-0.22,-10.07
-0.46,-0.26,-10.04
-0.51,-0.26,-10.11
-0.52,-0.25,-10.16
-0.51,-0.25,-10.11
-0.51,-0.25,-10.08
-0.54,-0.25,-10.08
-0.52,-0.27,-10.11
-0.49,-0.27,-10.11
-0.51,-0.23,-10.19
-0.5,-0.23,-10.19
-0.48,-0.22,-10.02
-0.5,-0.25,-10.14
-0.51,-0.26,-10.12
-0.54,-0.25,-10.06
-0.49,-0.25,-10.07
-0.52,-0.24,-10.09
-0.54,-0.23,-10.11
-0.47,-0.26,-10.12
-0.45,-0.3,-10.09
-0.5,-0.25,-10.08
-0.52,-0.24,-10.18
-0.48,-0.26,-10.11
-0.53,-0.26,-10.08
-0.49,-0.23,-10.12
-0.53,-0.27,-10.03
-0.53,-0.27,-10.06
-0.49,-0.25,-10.11
-0.53,-0.23,-10.14
-0.52,-0.27,-10.16
-0.47,-0.26,-10.03
-0.51,-0.22,-10.22
-0.52,-0.26,-10.08
-0.5,-0.26,-10.1
-0.52,-0.24,-10.04
-0.53,-0.28,-10.09
-0.51,-0.24,-10.1
-0.44,-0.24,-10.11
-0.48,-0.23,-10.01
-0.49,-0.24,-10.08
-0.45,-0.26,-10.08
-0.5,-0.24,-10.13
-0.53,-0.27,-10.1
-0.48,-0.24,-10.05
-0.5,-0.23,-10.23
-0.52,-0.31,-10.12
-0.49,-0.25,-10
-0.53,-0.27,-10.14
-0.56,-0.21,-10.17
-0.52,-0.24,-10.1
-0.51,-0.25,-10.1
-0.5,-0.28,-10.1
-0.51,-0.28,-10.14
-0.52,-0.27,-10.1
-0.49,-0.28,-10.05
-0.51,-0.18,-10.14
-0.47,-0.24,-9.94
-0.53,-0.23,-10.14
-0.48,-0.23,-10.03
-0.49,-0.22,-10.11
-0.5,-0.32,-10.11
-0.52,-0.2,-10.12
-0.47,-0.25,-10.04
-0.49,-0.25,-10.08
-0.53,-0.26,-10.17
-0.53,-0.27,-10.19
-0.49,-0.25,-10.16
-0.5,-0.22,-10.11
-0.53,-0.23,-10.16
-0.51,-0.25,-10.07
-0.52,-0.24,-10.23
-0.52,-0.25,-10.15
-0.48,-0.22,-10.09
-0.54,-0.24,-10.08
-0.48,-0.27,-10.07
-0.51,-0.23,-10.16
-0.47,-0.24,-10.11
-0.49,-0.22,-10.19
-0.49,-0.27,-10.15
-0.52,-0.28,-10.11
-0.47,-0.25,-10.08
-0.48,-0.26,-10.17
-0.46,-0.23,-10.05
-0.52,-0.25,-10.15
-0.56,-0.25,-10.04
-0.45,-0.25,-10.14
-0.48,-0.25,-10.15
-0.56,-0.24,-10.17
-0.32,-0.24,-10.1
-0.49,-0.24,-10.18
-0.51,-0.23,-10.07
-0.5,-0.24,-10.13
-0.44,-0.25,-10
-0.45,-0.27,-9.99
-0.49,-0.25,-10.17
-0.45,-0.24,-10.13
-0.54,-0.25,-10.04
-0.51,-0.23,-10.18
-0.48,-0.25,-10.15
-0.53,-0.28,-10.05
-0.49,-0.24,-10.01
-0.47,-0.22,-10.21
-0.49,-0.25,-10.04
-0.5,-0.25,-10.02
-0.49,-0.24,-10.08
-0.46,-0.25,-10.1
-0.49,-0.23,-10.19
-0.46,-0.21,-9.96
-0.5,-0.22,-10.04
-0.44,-0.24,-10.06
-0.54,-0.26,-10.13
-0.5,-0.24,-10.05
-0.49,-0.23,-9.96
-0.47,-0.22,-10.02
-0.49,-0.2,-10.09
-0.54,-0.17,-10.16
-0.48,-0.24,-10.19
-0.51,-0.23,-10.24
-0.51,-0.28,-10.18
-0.45,-0.26,-10.1
-0.48,-0.19,-10.14
-0.55,-0.3,-10.14
-0.51,-0.22,-10.06
-0.52,-0.23,-10.2
-0.49,-0.28,-10.05
-0.49,-0.2,-10.13
-0.47,-0.27,-10.04
-0.47,-0.25,-10.09
-0.48,-0.23,-10.14
-0.46,-0.32,-10.09
-0.47,-0.24,-10.08
-0.48,-0.29,-10.04
-0.5,-0.27,-10.19
-0.5,-0.25,-10.05
-0.5,-0.24,-10.14
-0.52,-0.27,-10
-0.5,-0.24,-10.1
-0.48,-0.24,-10.06
-0.51,-0.24,-10.02
-0.48,-0.23,-10.25
-0.52,-0.23,-10.2
-0.45,-0.25,-10.06
-0.48,-0.23,-10.23
-0.55,-0.23,-10.08
-0.54,-0.26,-10.11
-0.55,-0.29,-10.1
-0.48,-0.24,-10.15
-0.51,-0.24,-10.19
-0.5,-0.27,-10.05
-0.51,-0.23,-9.99
-0.5,-0.26,-10.14
-0.49,-0.22,-10.08
-0.48,-0.25,-10.11
-0.52,-0.27,-10.07
-0.5,-0.24,-10.24
-0.5,-0.23,-10.17
-0.5,-0.23,-10.1
-0.52,-0.26,-10.2
-0.5,-0.22,-9.98
-0.48,-0.26,-10.07
-0.55,-0.24,-10.16
-0.51,-0.22,-10.19
-0.46,-0.25,-10.09
-0.52,-0.25,-10.11
-0.48,-0.27,-9.99
-0.49,-0.25,-10.16
-0.51,-0.23,-10.12
-0.53,-0.26,-10.19
-0.47,-0.25,-10.12
-0.5,-0.25,-10.17
-0.5,-0.27,-10.08
-0.47,-0.24,-10.11
-0.48,-0.2,-10.22
-0.49,-0.23,-10.14
-0.5,-0.27,-10.11
-0.46,-0.25,-10.16
-0.47,-0.26,-10.04
-0.5,-0.25,-10.23
-0.49,-0.26,-10.13
-0.49,-0.27,-10.1
-0.47,-0.26,-10.09
-0.49,-0.23,-10.07
-0.5,-0.26,-10.12
-0.48,-0.29,-10.03
-0.51,-0.27,-10.11
-0.5,-0.25,-10.15
-0.46,-0.23,-10.13
-0.51,-0.27,-10.07
-0.52,-0.27,-10.13
-0.47,-0.23,-10.13
-0.46,-0.27,-10.15
-0.54,-0.24,-10.17
-0.49,-0.26,-10.18
-0.5,-0.25,-10.24
-0.52,-0.24,-10.1
-0.5,-0.23,-10.08
-0.53,-0.23,-10.05
-0.48,-0.26,-10.18
-0.48,-0.23,-10.09
-0.5,-0.25,-10.15
-0.47,-0.25,-10.07
-0.54,-0.25,-10.24
-0.52,-0.26,-10.1
-0.56,-0.24,-10.21
-0.54,-0.24,-10
-0.53,-0.26,-10.17
-0.5,-0.26,-10.08
-0.54,-0.27,-10.15
-0.51,-0.28,-10.1
-0.45,-0.27,-10.12
-0.46,-0.24,-10.13
-0.55,-0.27,-10.12
-0.49,-0.26,-10.17
-0.5,-0.25,-10.11
-0.53,-0.24,-10.08
-0.49,-0.23,-10.13
-0.49,-0.22,-10.13
-0.48,-0.27,-10.12
-0.49,-0.27,-10.14
-0.61,-0.28,-10.01
-0.49,-0.26,-10.1
-0.5,-0.25,-10.11
-0.49,-0.26,-10.26
-0.47,-0.26,-10.11
-0.5,-0.26,-10.14
-0.55,-0.24,-10.08
-0.48,-0.25,-10.06
-0.5,-0.21,-10.1
-0.5,-0.26,-10.02
-0.49,-0.25,-10.1
-0.49,-0.23,-10.16
-0.5,-0.24,-10.14
-0.51,-0.24,-10.1
-0.47,-0.25,-10.16
-0.51,-0.23,-10.16
-0.46,-0.24,-10.08
-0.5,-0.24,-10.17
-0.48,-0.24,-10.12
-0.5,-0.24,-10.1
-0.48,-0.27,-10.12
-0.48,-0.25,-10.15
-0.51,-0.25,-10.08
-0.51,-0.23,-10.08
-0.52,-0.25,-10.19
-0.53,-0.23,-10.11
-0.51,-0.27,-10.04
-0.47,-0.25,-10.07
-0.52,-0.25,-10.04
-0.51,-0.26,-10.03
-0.5,-0.26,-10.14
-0.48,-0.23,-10.12
-0.46,-0.27,-10.12
-0.46,-0.26,-10.09
-0.51,-0.26,-10.19
-0.56,-0.27,-10.12
-0.49,-0.26,-10.05
-0.51,-0.22,-10.11
-0.52,-0.24,-10.16
-0.5,-0.25,-10.07
-0.49,-0.25,-10.05
-0.48,-0.26,-10.1
-0.54,-0.27,-10.13
-0.45,-0.26,-10.08
-0.55,-0.23,-10.06
-0.49,-0.29,-10.09
-0.53,-0.27,-10.12
-0.47,-0.22,-10.19
-0.43,-0.26,-9.99
-0.5,-0.26,-10.16
-0.5,-0.24,-10.12
-0.5,-0.27,-10.16
-0.46,-0.27,-10.09
-0.48,-0.27,-10.11
-0.51,-0.26,-10.18
-0.5,-0.25,-10.15
-0.48,-0.22,-10.12
-0.56,-0.25,-10.19
-0.49,-0.22,-10.15
-0.46,-0.27,-10.14
-0.53,-0.27,-10.17
-0.49,-0.25,-10.07
-0.47,-0.28,-10.07
-0.47,-0.26,-10.13
-0.52,-0.21,-10.25
-0.51,-0.29,-10.05
-0.51,-0.24,-10.14
-0.52,-0.26,-10.12
-0.47,-0.21,-10.12
-0.5,-0.25,-10.09
-0.43,-0.24,-10.08
-0.5,-0.26,-10.02
-0.51,-0.28,-10.17
-0.48,-0.26,-10.12
-0.5,-0.26,-10.14
-0.49,-0.23,-10.07
-0.47,-0.25,-10.11
-0.5,-0.24,-10.09
-0.51,-0.28,-10.1
-0.5,-0.23,-9.97
-0.5,-0.25,-10.18
-0.47,-0.22,-10.06
-0.52,-0.23,-10.01
-0.59,-0.25,-10.12
-0.51,-0.28,-10.07
-0.47,-0.26,-10.11
-0.48,-0.22,-10.1
-0.53,-0.22,-10.11
-0.53,-0.22,-10.1
-0.46,-0.24,-10.02
-0.53,-0.25,-10.12
-0.49,-0.3,-10.16
-0.52,-0.26,-10.09
-0.47,-0.26,-10.07
-0.46,-0.25,-10.1
-0.53,-0.26,-10.14
-0.45,-0.23,-10.13
-0.47,-0.24,-10.13
-0.5,-0.25,-10.16
-0.52,-0.22,-10.02
-0.51,-0.26,-10.1
-0.45,-0.25,-10.11
-0.55,-0.26,-10.04
-0.49,-0.28,-10.08
-0.53,-0.25,-10.11
-0.5,-0.27,-10.04
-0.49,-0.23,-10.14
-0.51,-0.24,-10.18
-0.47,-0.25,-10.05
-0.5,-0.24,-10.1
-0.49,-0.23,-10.05
-0.5,-0.25,-10.16
-0.49,-0.25,-10.17
-0.48,-0.25,-10.06
-0.52,-0.23,-10.16
-0.52,-0.24,-10.14
-0.48,-0.27,-10.12
-0.48,-0.25,-10.09
-0.48,-0.25,-10.03
-0.51,-0.22,-10.09
-0.46,-0.24,-10.12
-0.49,-0.24,-10.12
-0.48,-0.24,-10.03
-0.49,-0.24,-10.15
-0.52,-0.26,-10.17
-0.31,-0.22,-10.2
-0.51,-0.27,-10.14
-0.5,-0.25,-10.1
-0.5,-0.26,-10.12
-0.51,-0.28,-10.12
-0.49,-0.3,-10.05
-0.5,-0.23,-10.02
-0.52,-0.27,-10.07
-0.48,-0.28,-10.14
-0.51,-0.25,-10.16
-0.43,-0.24,-10.08
-0.5,-0.25,-10.17
-0.46,-0.28,-10.16
-0.46,-0.27,-10
-0.48,-0.24,-10.04
-0.51,-0.26,-10.09
-0.49,-0.24,-10.08
-0.52,-0.3,-10.06
-0.46,-0.33,-10.06
-0.5,-0.25,-10.02
-0.52,-0.27,-10.08
-0.5,-0.32,-10.05
-0.45,-0.24,-10.05
-0.53,-0.24,-10.08
-0.57,-0.28,-10.04
-0.5,-0.24,-10.07
-0.53,-0.26,-10.14
-0.32,-0.24,-10.06
-0.47,-0.24,-10.04
-0.49,-0.26,-10.1
-0.49,-0.23,-10.21
-0.49,-0.24,-10.16
-0.5,-0.24,-10.07
-0.46,-0.24,-10.01
-0.5,-0.22,-10.1
-0.46,-0.23,-10.12
-0.48,-0.29,-10.03
-0.51,-0.21,-10.16
-0.46,-0.25,-10.02
-0.46,-0.28,-10.05
-0.5,-0.24,-10.2
-0.47,-0.25,-10.08
-0.46,-0.25,-10.12
-0.5,-0.27,-10.09
-0.53,-0.22,-10.16
-0.53,-0.25,-10.13
-0.45,-0.25,-10.11
-0.44,-0.21,-10.11
-0.47,-0.24,-10.08
-0.49,-0.25,-10.1
-0.46,-0.24,-10.08
-0.52,-0.26,-10.12
-0.47,-0.24,-10.05
-0.5,-0.23,-10.13
-0.51,-0.24,-10.14
-0.46,-0.25,-10.14
-0.5,-0.23,-10.2
-0.5,-0.25,-10.05
-0.49,-0.25,-10.11
-0.48,-0.25,-10.19
-0.47,-0.25,-10.09
-0.45,-0.23,-10.12
-0.53,-0.22,-10.18
-0.49,-0.23,-10.13
-0.49,-0.24,-10.1
-0.48,-0.27,-10.11
-0.55,-0.25,-10.05
-0.46,-0.27,-10.12
-0.53,-0.22,-10.1
-0.48,-0.16,-10.06
-0.46,-0.19,-10.11
-0.52,-0.29,-10
-0.51,-0.28,-10.1
-0.49,-0.26,-10.08
-0.52,-0.26,-10.1
-0.53,-0.22,-10.1
-0.53,-0.25,-10.16
-0.48,-0.26,-10.06
-0.46,-0.27,-10.09
-0.5,-0.22,-10.22
-0.49,-0.26,-10.22
-0.44,-0.24,-10.03
-0.44,-0.24,-10.18
-0.48,-0.24,-10.13
-0.51,-0.27,-10.12
-0.51,-0.28,-10.19
-0.5,-0.28,-10.07
-0.43,-0.22,-10.04
-0.51,-0.27,-10.11
-0.48,-0.25,-10.07
-0.51,-0.23,-10.01
-0.51,-0.23,-10.17
-0.5,-0.27,-10.07
-0.48,-0.26,-10
-0.51,-0.19,-10.1
-0.49,-0.22,-10.18
-0.47,-0.27,-9.97
-0.49,-0.28,-10.04
-0.47,-0.26,-10.14
-0.5,-0.22,-10.02
-0.57,-0.23,-10.18
-0.53,-0.22,-10.12
-0.42,-0.26,-10.21
-0.46,-0.23,-10.13
-0.51,-0.26,-10.2
-0.46,-0.24,-10.18
-0.48,-0.21,-10.11
-0.46,-0.23,-10.05
-0.47,-0.23,-10.12
-0.54,-0.24,-10.09
-0.48,-0.24,-10.25
-0.46,-0.24,-10.03
-0.49,-0.2,-10.08
-0.5,-0.23,-10.02
-0.47,-0.26,-10.15
-0.5,-0.25,-10.04
-0.51,-0.27,-10.22
-0.45,-0.26,-10.19
-0.49,-0.26,-10.08
-0.47,-0.31,-10.12
-0.54,-0.19,-10.2
-0.49,-0.27,-10
-0.48,-0.25,-10.25
-0.48,-0.23,-10.15
-0.54,-0.29,-10.11
-0.44,-0.22,-10.09
-0.48,-0.23,-10.13
0.63,1.32,-7.74
-0.42,-0.04,-9.61
-0.46,-0.31,-10.18
-0.42,-0.25,-10.18
-0.46,-0.33,-10.05
-0.42,-0.31,-10.04
-0.46,-0.28,-10.18
-0.43,-0.26,-10.09
-0.45,-0.27,-10.12
-0.48,-0.36,-10.73
-0.51,-0.2,-10.16
-0.43,-0.28,-10.05
-0.42,-0.29,-10.1
-0.41,-0.28,-9.9
-0.44,-0.16,-10.15
-0.38,-0.39,-10.03
-0.39,-0.27,-10.18
-0.37,-0.32,-10.06
-0.46,-0.26,-10.07
-0.27,-0.25,-9.98
-5.78,-0.58,-8.86
-4.13,-0.43,-8.48
-4.2,-0.53,-8.97
-4.26,-0.44,-9.57
-4.32,-0.41,-9.06
-3.8,-0.76,-9.61
-3.66,-0.67,-9.28
-3.99,-0.49,-9.56
-4.03,-0.54,-9.34
-4.08,-0.35,-9.6
-3.92,-0.54,-9.24
-3.98,-0.59,-9.44
-3.83,3.54,-10.82
-2.02,-1.94,-9.36
-4.96,-0.73,-8.95
-4.88,-0.75,-8.96
-5,-0.77,-8.84
-5.12,-0.75,-8.93
-4.6,-0.74,-8.82
-4.7,-0.64,-8.98
-4.68,-0.89,-8.78
-4.76,-0.84,-9.12
-4.58,-0.83,-8.77
-4.63,-6.33,-12.29
0.44,-4.85,-6.91
-3.48,-8.27,-8.4
1.51,-9.69,-10.14
1.82,-8.39,-5.77
1.52,-7.97,-5.96
1.69,-7.52,-5.76
9.51,2.43,-19.6
-2.62,0.06,-10.83
-5.23,-1.83,-8.85
-5.37,0.18,10.65
-4.28,-8.6,1.95
-0.68,-4.1,-14.78
-2.78,-1.4,-2.23
-0.74,-6.03,-3.78
4.13,0.08,-10.41
0.15,1.42,-8.08
2.93,-3.89,-8.68